contract_version,stage,control_id,source_file,source_sha256,analysis_face_index,parent_solid_indices,parent_shell_indices,surface_type,kernel_surface_type,orientation,area,centroid_x,centroid_y,centroid_z,u_min,u_max,v_min,v_max,representative_u,representative_v,representative_normal_x,representative_normal_y,representative_normal_z,surface_origin_x,surface_origin_y,surface_origin_z,surface_axis_x,surface_axis_y,surface_axis_z,surface_x_direction_x,surface_x_direction_y,surface_x_direction_z,plane_normal_x,plane_normal_y,plane_normal_z,radius,secondary_radius,semi_angle_degrees,u_degree,v_degree,u_pole_count,v_pole_count,u_knot_count,v_knot_count,u_periodic,v_periodic,u_rational,v_rational,outer_wire_count,inner_wire_count,boundary_edge_count,face_tolerance,adjacent_face_indices,name,name_source,color_red,color_green,color_blue,color_source
1.0.0,constructed,through_hole_solid,,,1,1,1,plane,GeomAbs_Plane,reversed,48,0,4,3,0,6,-8,0,3,-4,-1,-0,0,0,0,0,,,,0,0,1,1,0,-0,,,,,,,,,,,,,,1,0,4,9.9999999999999995e-08,2|3|4|5,Synthetic Through-Hole Solid,synthetic_control_manifest:shape,0.20000000000000001,0.45000000000000001,0.80000000000000004,synthetic_control_manifest:shape
1.0.0,constructed,through_hole_solid,,,2,1,1,plane,GeomAbs_Plane,reversed,72,6,0,3,0,6,0,12,3,6,0,-1,-0,0,0,0,,,,0,0,1,-0,1,0,,,,,,,,,,,,,,1,0,4,9.9999999999999995e-08,1|3|5|6,Synthetic Through-Hole Solid,synthetic_control_manifest:shape,0.20000000000000001,0.45000000000000001,0.80000000000000004,synthetic_control_manifest:shape
1.0.0,constructed,through_hole_solid,,,3,1,1,plane,GeomAbs_Plane,forward,91.091261478765944,6.107776277143298,4,6,0,12,0,8,6,4,0,0,1,0,0,6,,,,1,0,-0,0,0,1,,,,,,,,,,,,,,1,1,5,9.9999999999999995e-08,1|2|4|6|7,Synthetic Through-Hole Solid,synthetic_control_manifest:shape,0.20000000000000001,0.45000000000000001,0.80000000000000004,synthetic_control_manifest:shape
1.0.0,constructed,through_hole_solid,,,4,1,1,plane,GeomAbs_Plane,forward,72,6,8,3,0,6,0,12,3,6,-0,1,0,0,8,0,,,,0,0,1,-0,1,0,,,,,,,,,,,,,,1,0,4,9.9999999999999995e-08,1|3|5|6,Synthetic Through-Hole Solid,synthetic_control_manifest:shape,0.20000000000000001,0.45000000000000001,0.80000000000000004,synthetic_control_manifest:shape
1.0.0,constructed,through_hole_solid,,,5,1,1,plane,GeomAbs_Plane,reversed,91.091261478765944,6.107776277143298,4,0,0,12,0,8,6,4,-0,-0,-1,0,0,0,,,,1,0,-0,0,0,1,,,,,,,,,,,,,,1,1,5,9.9999999999999995e-08,1|2|4|6|7,Synthetic Through-Hole Solid,synthetic_control_manifest:shape,0.20000000000000001,0.45000000000000001,0.80000000000000004,synthetic_control_manifest:shape
1.0.0,constructed,through_hole_solid,,,6,1,1,plane,GeomAbs_Plane,forward,48,12,4,3,0,6,-8,0,3,-4,1,0,-0,12,0,0,,,,0,0,1,1,0,-0,,,,,,,,,,,,,,1,0,4,9.9999999999999995e-08,2|3|4|5,Synthetic Through-Hole Solid,synthetic_control_manifest:shape,0.20000000000000001,0.45000000000000001,0.80000000000000004,synthetic_control_manifest:shape
1.0.0,constructed,through_hole_solid,,,7,1,1,cylinder,GeomAbs_Cylinder,reversed,47.1238898038469,4,4,3,0,6.2831853071795862,1,7,3.1415926535897931,4,1,-1.2246467991473532e-16,-0,4,4,-1,0,0,1,1,0,-0,,,,1.25,,,,,,,,,,,,,1,0,3,9.9999999999999995e-08,3|5,Synthetic Through-Hole Solid,synthetic_control_manifest:shape,0.20000000000000001,0.45000000000000001,0.80000000000000004,synthetic_control_manifest:shape
1.0.0,step_imported,through_hole_solid,through_hole_solid.step,c968f97ab06be32a631aedb3fd526d43e3de49f40154b3c7508b4e118bb54543,1,1,1,plane,GeomAbs_Plane,reversed,48,0,4,3,0,6,-8,0,3,-4,-1,-0,0,0,0,0,,,,0,0,1,1,0,-0,,,,,,,,,,,,,,1,0,4,9.9999999999999995e-08,2|3|4|5,,not_present:stepcontrol_topods_shape,,,,not_present:stepcontrol_topods_shape
1.0.0,step_imported,through_hole_solid,through_hole_solid.step,c968f97ab06be32a631aedb3fd526d43e3de49f40154b3c7508b4e118bb54543,2,1,1,plane,GeomAbs_Plane,reversed,72,6,0,3,0,6,0,12,3,6,0,-1,-0,0,0,0,,,,0,0,1,-0,1,0,,,,,,,,,,,,,,1,0,4,9.9999999999999995e-08,1|3|5|6,,not_present:stepcontrol_topods_shape,,,,not_present:stepcontrol_topods_shape
1.0.0,step_imported,through_hole_solid,through_hole_solid.step,c968f97ab06be32a631aedb3fd526d43e3de49f40154b3c7508b4e118bb54543,3,1,1,plane,GeomAbs_Plane,forward,91.091261478765944,6.107776277143298,4,6,0,12,0,8,6,4,0,0,1,0,0,6,,,,1,0,-0,0,0,1,,,,,,,,,,,,,,1,1,5,9.9999999999999995e-08,1|2|4|6|7,,not_present:stepcontrol_topods_shape,,,,not_present:stepcontrol_topods_shape
1.0.0,step_imported,through_hole_solid,through_hole_solid.step,c968f97ab06be32a631aedb3fd526d43e3de49f40154b3c7508b4e118bb54543,4,1,1,plane,GeomAbs_Plane,forward,72,6,8,3,0,6,0,12,3,6,-0,1,0,0,8,0,,,,0,0,1,-0,1,0,,,,,,,,,,,,,,1,0,4,9.9999999999999995e-08,1|3|5|6,,not_present:stepcontrol_topods_shape,,,,not_present:stepcontrol_topods_shape
1.0.0,step_imported,through_hole_solid,through_hole_solid.step,c968f97ab06be32a631aedb3fd526d43e3de49f40154b3c7508b4e118bb54543,5,1,1,plane,GeomAbs_Plane,reversed,91.091261478765944,6.107776277143298,4,0,0,12,0,8,6,4,-0,-0,-1,0,0,0,,,,1,0,-0,0,0,1,,,,,,,,,,,,,,1,1,5,9.9999999999999995e-08,1|2|4|6|7,,not_present:stepcontrol_topods_shape,,,,not_present:stepcontrol_topods_shape
1.0.0,step_imported,through_hole_solid,through_hole_solid.step,c968f97ab06be32a631aedb3fd526d43e3de49f40154b3c7508b4e118bb54543,6,1,1,plane,GeomAbs_Plane,forward,48,12,4,3,0,6,-8,0,3,-4,1,0,-0,12,0,0,,,,0,0,1,1,0,-0,,,,,,,,,,,,,,1,0,4,9.9999999999999995e-08,2|3|4|5,,not_present:stepcontrol_topods_shape,,,,not_present:stepcontrol_topods_shape
1.0.0,step_imported,through_hole_solid,through_hole_solid.step,c968f97ab06be32a631aedb3fd526d43e3de49f40154b3c7508b4e118bb54543,7,1,1,cylinder,GeomAbs_Cylinder,reversed,47.123889803850005,4.0000000000000826,4,3,0,6.2831853071800001,1,7,3.1415926535900001,4,1,2.0682310711021447e-13,-0,4,4,-1,0,0,1,1,0,-0,,,,1.25,,,,,,,,,,,,,1,0,3,9.9999999999999995e-08,3|5,,not_present:stepcontrol_topods_shape,,,,not_present:stepcontrol_topods_shape
1.0.0,constructed,conical_solid,,,1,1,1,cone,GeomAbs_Cone,forward,73.798178016642936,-4.4408920985006262e-16,-1.0165311904865101e-16,2.2222222222222223,0,6.2831853071795862,0,5.2201532544552753,3.1415926535897931,2.6100766272276377,-0.95782628522115132,1.1729988943352828e-16,0.28734788556634538,0,0,0,0,0,1,1,0,-0,,,,3,,-16.699244233993621,,,,,,,,,,,1,0,3,9.9999999999999995e-08,2|3,Synthetic Conical Solid,synthetic_control_manifest:shape,0.90000000000000002,0.45000000000000001,0.14999999999999999,synthetic_control_manifest:shape
1.0.0,constructed,conical_solid,,,2,1,1,plane,GeomAbs_Plane,forward,7.0685834705770327,-4.4408920985006262e-16,2.8122912778506277e-17,5,-1.4999999999999998,1.4999999999999998,-1.4999999999999998,1.4999999999999998,0,0,0,0,1,0,0,5,,,,1,0,-0,0,0,1,,,,,,,,,,,,,,1,0,1,9.9999999999999995e-08,1,Synthetic Conical Solid,synthetic_control_manifest:shape,0.90000000000000002,0.45000000000000001,0.14999999999999999,synthetic_control_manifest:shape
1.0.0,constructed,conical_solid,,,3,1,1,plane,GeomAbs_Plane,reversed,28.274333882308145,1.3322676295501878e-15,-2.5292044727263224e-16,0,-3,3,-3,3,0,0,-0,-0,-1,0,0,0,,,,1,0,-0,0,0,1,,,,,,,,,,,,,,1,0,1,9.9999999999999995e-08,1,Synthetic Conical Solid,synthetic_control_manifest:shape,0.90000000000000002,0.45000000000000001,0.14999999999999999,synthetic_control_manifest:shape
1.0.0,step_imported,conical_solid,conical_solid.step,3afc40ee90a8ab671a249206bbe6bdae57a6a9a6317a4a34c6f85ef1cb8aa8e2,1,1,1,cone,GeomAbs_Cone,forward,73.798178016636911,1.532107773982716e-13,-8.8883626794855888e-17,2.2222222222219701,-4.1389114358025836e-13,6.2831853071795862,-5.2201532544552753,0,3.1415926535895862,-2.6100766272276377,-0.95782628522111313,-1.9833520816013212e-13,0.28734788556647267,0,0,0,-0,-0,-1,1,0,-0,,,,3,,16.699244234001238,,,,,,,,,,,1,0,3,9.9999999999999995e-08,2|3,,not_present:stepcontrol_topods_shape,,,,not_present:stepcontrol_topods_shape
1.0.0,step_imported,conical_solid,conical_solid.step,3afc40ee90a8ab671a249206bbe6bdae57a6a9a6317a4a34c6f85ef1cb8aa8e2,2,1,1,plane,GeomAbs_Plane,forward,7.0685834705770363,6.6613381477509392e-16,-1.264602236363102e-16,5,-1.5,1.5,-1.5,1.5,0,0,0,0,1,0,0,5,,,,1,0,-0,0,0,1,,,,,,,,,,,,,,1,0,1,9.9999999999999995e-08,1,,not_present:stepcontrol_topods_shape,,,,not_present:stepcontrol_topods_shape
1.0.0,step_imported,conical_solid,conical_solid.step,3afc40ee90a8ab671a249206bbe6bdae57a6a9a6317a4a34c6f85ef1cb8aa8e2,3,1,1,plane,GeomAbs_Plane,reversed,28.274333882308145,1.3322676295501878e-15,-2.529204472726204e-16,0,-3,3,-3,3,0,0,-0,-0,-1,0,0,0,,,,1,0,-0,0,0,1,,,,,,,,,,,,,,1,0,1,9.9999999999999995e-08,1,,not_present:stepcontrol_topods_shape,,,,not_present:stepcontrol_topods_shape
1.0.0,constructed,spherical_solid,,,1,1,1,sphere,GeomAbs_Sphere,forward,50.26548245743669,-9.183591652582174e-17,5.1018229521650105e-18,3.4694469519536142e-17,0,6.2831853071795862,-1.5707963267948966,1.5707963267948966,3.1415926535897931,0,-1,1.2246467991473532e-16,0,0,0,0,0,0,1,1,0,-0,,,,2,,,,,,,,,,,,,1,0,3,9.9999999999999995e-08,,Synthetic Spherical Solid,synthetic_control_manifest:shape,0.20000000000000001,0.69999999999999996,0.45000000000000001,synthetic_control_manifest:shape
1.0.0,step_imported,spherical_solid,spherical_solid.step,221bec5d9d90a16317294d5d85e34d2e8b551a2aa3a3200e57f7a159e287fb52,1,1,1,sphere,GeomAbs_Sphere,forward,50.26548245743669,-7.5443956421655149e-17,-9.0016492153808463e-18,3.4694469519536142e-17,0,6.2831853071795862,-1.5707963267948966,1.5707963267948966,3.1415926535897931,0,-1,1.2246467991473532e-16,0,0,0,0,0,0,1,1,0,-0,,,,2,,,,,,,,,,,,,1,0,3,9.9999999999999995e-08,,,not_present:stepcontrol_topods_shape,,,,not_present:stepcontrol_topods_shape
1.0.0,constructed,toroidal_solid,,,1,1,1,torus,GeomAbs_Torus,forward,157.91367041742976,8.8817841970012523e-16,2.7389869638907264e-17,2.4534300683410605e-17,0,6.2831853071795862,0,6.2831853071795862,3.1415926535897931,3.1415926535897931,1,0,0,0,0,0,0,0,1,1,0,-0,,,,4,1,,,,,,,,,,,,1,0,2,9.9999999999999995e-08,,Synthetic Toroidal Solid,synthetic_control_manifest:shape,0.65000000000000002,0.34999999999999998,0.80000000000000004,synthetic_control_manifest:shape
1.0.0,step_imported,toroidal_solid,toroidal_solid.step,163ae8bc3155ac55f0fdc35bcab9b8f4102cabd8c2d886566eda51f1c1a9f104,1,1,1,torus,GeomAbs_Torus,forward,157.91367041744007,2.6911806116913795e-13,4.2135019185064126e-17,-1.0805195777339739e-17,0,6.2831853071800001,0,6.2831853071800001,3.1415926535900001,3.1415926535900001,1,2.0682310711021444e-13,-2.0682310711021444e-13,0,0,0,0,0,1,1,0,-0,,,,4,1,,,,,,,,,,,,1,0,2,9.9999999999999995e-08,,,not_present:stepcontrol_topods_shape,,,,not_present:stepcontrol_topods_shape
1.0.0,constructed,bspline_shell,,,1,,1,bspline,GeomAbs_BSplineSurface,forward,9.5815777795114556,1.5222223157332806,1.5222223157332804,0.3474275281248454,0,1,0,1,0.5,0.5,-0.21440729484260856,-0.21440729484260856,0.952921310411594,,,,,,,,,,,,,,,,3,3,4,4,2,2,0,0,0,0,1,0,4,0.00020000000000000001,,Synthetic B-Spline Shell,synthetic_control_manifest:shape,0.14999999999999999,0.65000000000000002,0.69999999999999996,synthetic_control_manifest:shape
1.0.0,step_imported,bspline_shell,bspline_shell.step,bd5045460f860f81cd0593eeb81fbb18df91665c6d0a579b721ec040fb67e7e6,1,,1,bspline,GeomAbs_BSplineSurface,forward,9.5815777795114592,1.5222223157332808,1.5222223157332808,0.3474275281248454,0,1,0,1,0.5,0.5,-0.21440729484260862,-0.21440729484260865,0.95292131041159389,,,,,,,,,,,,,,,,3,3,4,4,2,2,0,0,0,0,1,0,4,9.9999999999999995e-08,,,not_present:stepcontrol_topods_shape,,,,not_present:stepcontrol_topods_shape
