pattern,blur_sigma,quality,chroma_sampling,encoder_path,encoded_sha256,decoded_pixels_equal,pixel_mae,pixel_max_abs_error,changed_pixel_fraction,opencv_decoded_sha256,pillow_decoded_sha256,laplacian_pillow_to_opencv_ratio,tenengrad_pillow_to_opencv_ratio
achromatic_checkerboard,0,50,444,opencv_quality,61d48781cc996629cb0d744b590cd84650bb67a6d95629cb57be8b0d27b74d39,1,0.000000,0,0.000000,b46c4a2fc79221956e5112e099c2ba1b73a2b5f1d33798dcf5f804e174b478c8,b46c4a2fc79221956e5112e099c2ba1b73a2b5f1d33798dcf5f804e174b478c8,1.000000,1.000000
achromatic_checkerboard,0,50,444,pillow_quality,61d48781cc996629cb0d744b590cd84650bb67a6d95629cb57be8b0d27b74d39,1,0.000000,0,0.000000,b46c4a2fc79221956e5112e099c2ba1b73a2b5f1d33798dcf5f804e174b478c8,b46c4a2fc79221956e5112e099c2ba1b73a2b5f1d33798dcf5f804e174b478c8,1.000000,1.000000
achromatic_checkerboard,0,50,444,pillow_explicit_dqt,61d48781cc996629cb0d744b590cd84650bb67a6d95629cb57be8b0d27b74d39,1,0.000000,0,0.000000,b46c4a2fc79221956e5112e099c2ba1b73a2b5f1d33798dcf5f804e174b478c8,b46c4a2fc79221956e5112e099c2ba1b73a2b5f1d33798dcf5f804e174b478c8,1.000000,1.000000
achromatic_checkerboard,0,50,444,pillow_optimized,1846f9eb87c0031e86155aec8847f041308551a9c92e15a48f0995744d04e733,1,0.000000,0,0.000000,b46c4a2fc79221956e5112e099c2ba1b73a2b5f1d33798dcf5f804e174b478c8,b46c4a2fc79221956e5112e099c2ba1b73a2b5f1d33798dcf5f804e174b478c8,1.000000,1.000000
achromatic_checkerboard,0,50,420,opencv_quality,ac3ae4d7c2291bce44c4f00ce42b1927ed9b860f1ebb1940208567f1b18723df,1,0.000000,0,0.000000,b46c4a2fc79221956e5112e099c2ba1b73a2b5f1d33798dcf5f804e174b478c8,b46c4a2fc79221956e5112e099c2ba1b73a2b5f1d33798dcf5f804e174b478c8,1.000000,1.000000
achromatic_checkerboard,0,50,420,pillow_quality,ac3ae4d7c2291bce44c4f00ce42b1927ed9b860f1ebb1940208567f1b18723df,1,0.000000,0,0.000000,b46c4a2fc79221956e5112e099c2ba1b73a2b5f1d33798dcf5f804e174b478c8,b46c4a2fc79221956e5112e099c2ba1b73a2b5f1d33798dcf5f804e174b478c8,1.000000,1.000000
achromatic_checkerboard,0,50,420,pillow_explicit_dqt,ac3ae4d7c2291bce44c4f00ce42b1927ed9b860f1ebb1940208567f1b18723df,1,0.000000,0,0.000000,b46c4a2fc79221956e5112e099c2ba1b73a2b5f1d33798dcf5f804e174b478c8,b46c4a2fc79221956e5112e099c2ba1b73a2b5f1d33798dcf5f804e174b478c8,1.000000,1.000000
achromatic_checkerboard,0,50,420,pillow_optimized,b3dda488e4833899f057be5f769f03aad23550f7a72935ef6e6e05e9b3e78837,1,0.000000,0,0.000000,b46c4a2fc79221956e5112e099c2ba1b73a2b5f1d33798dcf5f804e174b478c8,b46c4a2fc79221956e5112e099c2ba1b73a2b5f1d33798dcf5f804e174b478c8,1.000000,1.000000
achromatic_checkerboard,0,75,444,opencv_quality,9f3d3d87a867350d9e521b6e41ca4c53f4b1e6d150365faf2683099611d4960b,1,0.000000,0,0.000000,b46c4a2fc79221956e5112e099c2ba1b73a2b5f1d33798dcf5f804e174b478c8,b46c4a2fc79221956e5112e099c2ba1b73a2b5f1d33798dcf5f804e174b478c8,1.000000,1.000000
achromatic_checkerboard,0,75,444,pillow_quality,9f3d3d87a867350d9e521b6e41ca4c53f4b1e6d150365faf2683099611d4960b,1,0.000000,0,0.000000,b46c4a2fc79221956e5112e099c2ba1b73a2b5f1d33798dcf5f804e174b478c8,b46c4a2fc79221956e5112e099c2ba1b73a2b5f1d33798dcf5f804e174b478c8,1.000000,1.000000
achromatic_checkerboard,0,75,444,pillow_explicit_dqt,9f3d3d87a867350d9e521b6e41ca4c53f4b1e6d150365faf2683099611d4960b,1,0.000000,0,0.000000,b46c4a2fc79221956e5112e099c2ba1b73a2b5f1d33798dcf5f804e174b478c8,b46c4a2fc79221956e5112e099c2ba1b73a2b5f1d33798dcf5f804e174b478c8,1.000000,1.000000
achromatic_checkerboard,0,75,444,pillow_optimized,2f344cc587d7e76313ade64b44fa6eea28b1c15028f04a7ad1c6d24c5b494f34,1,0.000000,0,0.000000,b46c4a2fc79221956e5112e099c2ba1b73a2b5f1d33798dcf5f804e174b478c8,b46c4a2fc79221956e5112e099c2ba1b73a2b5f1d33798dcf5f804e174b478c8,1.000000,1.000000
achromatic_checkerboard,0,75,420,opencv_quality,0b40f5cba0413d4af4808ba82d2257ddc9c01ed4496c62a2899357534c68af7e,1,0.000000,0,0.000000,b46c4a2fc79221956e5112e099c2ba1b73a2b5f1d33798dcf5f804e174b478c8,b46c4a2fc79221956e5112e099c2ba1b73a2b5f1d33798dcf5f804e174b478c8,1.000000,1.000000
achromatic_checkerboard,0,75,420,pillow_quality,0b40f5cba0413d4af4808ba82d2257ddc9c01ed4496c62a2899357534c68af7e,1,0.000000,0,0.000000,b46c4a2fc79221956e5112e099c2ba1b73a2b5f1d33798dcf5f804e174b478c8,b46c4a2fc79221956e5112e099c2ba1b73a2b5f1d33798dcf5f804e174b478c8,1.000000,1.000000
achromatic_checkerboard,0,75,420,pillow_explicit_dqt,0b40f5cba0413d4af4808ba82d2257ddc9c01ed4496c62a2899357534c68af7e,1,0.000000,0,0.000000,b46c4a2fc79221956e5112e099c2ba1b73a2b5f1d33798dcf5f804e174b478c8,b46c4a2fc79221956e5112e099c2ba1b73a2b5f1d33798dcf5f804e174b478c8,1.000000,1.000000
achromatic_checkerboard,0,75,420,pillow_optimized,2ffdc5072f97404b0657bd3ed25a542f47cf99c87942b241471df6197d64040d,1,0.000000,0,0.000000,b46c4a2fc79221956e5112e099c2ba1b73a2b5f1d33798dcf5f804e174b478c8,b46c4a2fc79221956e5112e099c2ba1b73a2b5f1d33798dcf5f804e174b478c8,1.000000,1.000000
achromatic_checkerboard,0,95,444,opencv_quality,ef0fa0453f66c59cfe73e3c56a1d2070732fb28ef622838c9026a78b74c8085e,1,0.000000,0,0.000000,b46c4a2fc79221956e5112e099c2ba1b73a2b5f1d33798dcf5f804e174b478c8,b46c4a2fc79221956e5112e099c2ba1b73a2b5f1d33798dcf5f804e174b478c8,1.000000,1.000000
achromatic_checkerboard,0,95,444,pillow_quality,ef0fa0453f66c59cfe73e3c56a1d2070732fb28ef622838c9026a78b74c8085e,1,0.000000,0,0.000000,b46c4a2fc79221956e5112e099c2ba1b73a2b5f1d33798dcf5f804e174b478c8,b46c4a2fc79221956e5112e099c2ba1b73a2b5f1d33798dcf5f804e174b478c8,1.000000,1.000000
achromatic_checkerboard,0,95,444,pillow_explicit_dqt,ef0fa0453f66c59cfe73e3c56a1d2070732fb28ef622838c9026a78b74c8085e,1,0.000000,0,0.000000,b46c4a2fc79221956e5112e099c2ba1b73a2b5f1d33798dcf5f804e174b478c8,b46c4a2fc79221956e5112e099c2ba1b73a2b5f1d33798dcf5f804e174b478c8,1.000000,1.000000
achromatic_checkerboard,0,95,444,pillow_optimized,136362682cc9df80913f3e3a23d0ad74ec2217bf87af598d27cbced9c6b4f81a,1,0.000000,0,0.000000,b46c4a2fc79221956e5112e099c2ba1b73a2b5f1d33798dcf5f804e174b478c8,b46c4a2fc79221956e5112e099c2ba1b73a2b5f1d33798dcf5f804e174b478c8,1.000000,1.000000
achromatic_checkerboard,0,95,420,opencv_quality,dfed16313f9b4190743a71c5f8e6e9dc8a27d4b45d023b5d60234139781bc03f,1,0.000000,0,0.000000,b46c4a2fc79221956e5112e099c2ba1b73a2b5f1d33798dcf5f804e174b478c8,b46c4a2fc79221956e5112e099c2ba1b73a2b5f1d33798dcf5f804e174b478c8,1.000000,1.000000
achromatic_checkerboard,0,95,420,pillow_quality,dfed16313f9b4190743a71c5f8e6e9dc8a27d4b45d023b5d60234139781bc03f,1,0.000000,0,0.000000,b46c4a2fc79221956e5112e099c2ba1b73a2b5f1d33798dcf5f804e174b478c8,b46c4a2fc79221956e5112e099c2ba1b73a2b5f1d33798dcf5f804e174b478c8,1.000000,1.000000
achromatic_checkerboard,0,95,420,pillow_explicit_dqt,dfed16313f9b4190743a71c5f8e6e9dc8a27d4b45d023b5d60234139781bc03f,1,0.000000,0,0.000000,b46c4a2fc79221956e5112e099c2ba1b73a2b5f1d33798dcf5f804e174b478c8,b46c4a2fc79221956e5112e099c2ba1b73a2b5f1d33798dcf5f804e174b478c8,1.000000,1.000000
achromatic_checkerboard,0,95,420,pillow_optimized,bcf0d0958e42d4d36371fc5a05cb35f84a8aba79c8ed8784987a08ed82b30ab6,1,0.000000,0,0.000000,b46c4a2fc79221956e5112e099c2ba1b73a2b5f1d33798dcf5f804e174b478c8,b46c4a2fc79221956e5112e099c2ba1b73a2b5f1d33798dcf5f804e174b478c8,1.000000,1.000000
achromatic_checkerboard,1,50,444,opencv_quality,2ced10f58278fdf603652d8387384bf35e9d7ec12c3bb0247be7a250502c6cd3,1,0.000000,0,0.000000,ccaf2ba1d6bb64929f74a79e063d36ae92961a363b0df229b411e2deace0bda8,ccaf2ba1d6bb64929f74a79e063d36ae92961a363b0df229b411e2deace0bda8,1.000000,1.000000
achromatic_checkerboard,1,50,444,pillow_quality,2ced10f58278fdf603652d8387384bf35e9d7ec12c3bb0247be7a250502c6cd3,1,0.000000,0,0.000000,ccaf2ba1d6bb64929f74a79e063d36ae92961a363b0df229b411e2deace0bda8,ccaf2ba1d6bb64929f74a79e063d36ae92961a363b0df229b411e2deace0bda8,1.000000,1.000000
achromatic_checkerboard,1,50,444,pillow_explicit_dqt,2ced10f58278fdf603652d8387384bf35e9d7ec12c3bb0247be7a250502c6cd3,1,0.000000,0,0.000000,ccaf2ba1d6bb64929f74a79e063d36ae92961a363b0df229b411e2deace0bda8,ccaf2ba1d6bb64929f74a79e063d36ae92961a363b0df229b411e2deace0bda8,1.000000,1.000000
achromatic_checkerboard,1,50,444,pillow_optimized,52689d05cebab462e8fe592a343f37305b2e2f9c2a31517555350374139f9f6d,1,0.000000,0,0.000000,ccaf2ba1d6bb64929f74a79e063d36ae92961a363b0df229b411e2deace0bda8,ccaf2ba1d6bb64929f74a79e063d36ae92961a363b0df229b411e2deace0bda8,1.000000,1.000000
achromatic_checkerboard,1,50,420,opencv_quality,6bd69d046dc3f9578abd98ece7f728076027de4570a86adf8da99f0fdf32c766,1,0.000000,0,0.000000,ccaf2ba1d6bb64929f74a79e063d36ae92961a363b0df229b411e2deace0bda8,ccaf2ba1d6bb64929f74a79e063d36ae92961a363b0df229b411e2deace0bda8,1.000000,1.000000
achromatic_checkerboard,1,50,420,pillow_quality,6bd69d046dc3f9578abd98ece7f728076027de4570a86adf8da99f0fdf32c766,1,0.000000,0,0.000000,ccaf2ba1d6bb64929f74a79e063d36ae92961a363b0df229b411e2deace0bda8,ccaf2ba1d6bb64929f74a79e063d36ae92961a363b0df229b411e2deace0bda8,1.000000,1.000000
achromatic_checkerboard,1,50,420,pillow_explicit_dqt,6bd69d046dc3f9578abd98ece7f728076027de4570a86adf8da99f0fdf32c766,1,0.000000,0,0.000000,ccaf2ba1d6bb64929f74a79e063d36ae92961a363b0df229b411e2deace0bda8,ccaf2ba1d6bb64929f74a79e063d36ae92961a363b0df229b411e2deace0bda8,1.000000,1.000000
achromatic_checkerboard,1,50,420,pillow_optimized,17599ef1fd4b2db970313b59f669def0ce3d938138cc4668a77603da5b2996d2,1,0.000000,0,0.000000,ccaf2ba1d6bb64929f74a79e063d36ae92961a363b0df229b411e2deace0bda8,ccaf2ba1d6bb64929f74a79e063d36ae92961a363b0df229b411e2deace0bda8,1.000000,1.000000
achromatic_checkerboard,1,75,444,opencv_quality,1d63df2e2a527cc83f9753eafebcaaf1c2b2209a60341d9ec7763677c6c9dd11,1,0.000000,0,0.000000,c0e4d52afc5696e3d093ba6129845e9df6aaccaf7a44d8ff831b09df17cc1816,c0e4d52afc5696e3d093ba6129845e9df6aaccaf7a44d8ff831b09df17cc1816,1.000000,1.000000
achromatic_checkerboard,1,75,444,pillow_quality,1d63df2e2a527cc83f9753eafebcaaf1c2b2209a60341d9ec7763677c6c9dd11,1,0.000000,0,0.000000,c0e4d52afc5696e3d093ba6129845e9df6aaccaf7a44d8ff831b09df17cc1816,c0e4d52afc5696e3d093ba6129845e9df6aaccaf7a44d8ff831b09df17cc1816,1.000000,1.000000
achromatic_checkerboard,1,75,444,pillow_explicit_dqt,1d63df2e2a527cc83f9753eafebcaaf1c2b2209a60341d9ec7763677c6c9dd11,1,0.000000,0,0.000000,c0e4d52afc5696e3d093ba6129845e9df6aaccaf7a44d8ff831b09df17cc1816,c0e4d52afc5696e3d093ba6129845e9df6aaccaf7a44d8ff831b09df17cc1816,1.000000,1.000000
achromatic_checkerboard,1,75,444,pillow_optimized,438a4b3e488895433379a96f0308efe4c1768ffa641731d9941c4bb50efdbc31,1,0.000000,0,0.000000,c0e4d52afc5696e3d093ba6129845e9df6aaccaf7a44d8ff831b09df17cc1816,c0e4d52afc5696e3d093ba6129845e9df6aaccaf7a44d8ff831b09df17cc1816,1.000000,1.000000
achromatic_checkerboard,1,75,420,opencv_quality,0f9864498233c4c484027866f08764df9b5b8a573bb09f1a157b4dc72adbc359,1,0.000000,0,0.000000,c0e4d52afc5696e3d093ba6129845e9df6aaccaf7a44d8ff831b09df17cc1816,c0e4d52afc5696e3d093ba6129845e9df6aaccaf7a44d8ff831b09df17cc1816,1.000000,1.000000
achromatic_checkerboard,1,75,420,pillow_quality,0f9864498233c4c484027866f08764df9b5b8a573bb09f1a157b4dc72adbc359,1,0.000000,0,0.000000,c0e4d52afc5696e3d093ba6129845e9df6aaccaf7a44d8ff831b09df17cc1816,c0e4d52afc5696e3d093ba6129845e9df6aaccaf7a44d8ff831b09df17cc1816,1.000000,1.000000
achromatic_checkerboard,1,75,420,pillow_explicit_dqt,0f9864498233c4c484027866f08764df9b5b8a573bb09f1a157b4dc72adbc359,1,0.000000,0,0.000000,c0e4d52afc5696e3d093ba6129845e9df6aaccaf7a44d8ff831b09df17cc1816,c0e4d52afc5696e3d093ba6129845e9df6aaccaf7a44d8ff831b09df17cc1816,1.000000,1.000000
achromatic_checkerboard,1,75,420,pillow_optimized,7523e8d640f3a74a9ef46144b89f5a21499abb05f466e33324ceb262be576590,1,0.000000,0,0.000000,c0e4d52afc5696e3d093ba6129845e9df6aaccaf7a44d8ff831b09df17cc1816,c0e4d52afc5696e3d093ba6129845e9df6aaccaf7a44d8ff831b09df17cc1816,1.000000,1.000000
achromatic_checkerboard,1,95,444,opencv_quality,85506da103c1a7b804d0bec48182fcbbe72bdb1606823779a94b73c4fb566234,1,0.000000,0,0.000000,20bc1415251e9afa97a30763499cff078925468ef90999dd615d2848f9d6424d,20bc1415251e9afa97a30763499cff078925468ef90999dd615d2848f9d6424d,1.000000,1.000000
achromatic_checkerboard,1,95,444,pillow_quality,85506da103c1a7b804d0bec48182fcbbe72bdb1606823779a94b73c4fb566234,1,0.000000,0,0.000000,20bc1415251e9afa97a30763499cff078925468ef90999dd615d2848f9d6424d,20bc1415251e9afa97a30763499cff078925468ef90999dd615d2848f9d6424d,1.000000,1.000000
achromatic_checkerboard,1,95,444,pillow_explicit_dqt,85506da103c1a7b804d0bec48182fcbbe72bdb1606823779a94b73c4fb566234,1,0.000000,0,0.000000,20bc1415251e9afa97a30763499cff078925468ef90999dd615d2848f9d6424d,20bc1415251e9afa97a30763499cff078925468ef90999dd615d2848f9d6424d,1.000000,1.000000
achromatic_checkerboard,1,95,444,pillow_optimized,88346a1e20af3e7282e39d6278045c06a7366c6b5cf9d49eff79c10d13fa7ecc,1,0.000000,0,0.000000,20bc1415251e9afa97a30763499cff078925468ef90999dd615d2848f9d6424d,20bc1415251e9afa97a30763499cff078925468ef90999dd615d2848f9d6424d,1.000000,1.000000
achromatic_checkerboard,1,95,420,opencv_quality,43e2ae15ad34c781126456847b418bf634c047a5959b84de7323fdf60f7d10cf,1,0.000000,0,0.000000,20bc1415251e9afa97a30763499cff078925468ef90999dd615d2848f9d6424d,20bc1415251e9afa97a30763499cff078925468ef90999dd615d2848f9d6424d,1.000000,1.000000
achromatic_checkerboard,1,95,420,pillow_quality,43e2ae15ad34c781126456847b418bf634c047a5959b84de7323fdf60f7d10cf,1,0.000000,0,0.000000,20bc1415251e9afa97a30763499cff078925468ef90999dd615d2848f9d6424d,20bc1415251e9afa97a30763499cff078925468ef90999dd615d2848f9d6424d,1.000000,1.000000
achromatic_checkerboard,1,95,420,pillow_explicit_dqt,43e2ae15ad34c781126456847b418bf634c047a5959b84de7323fdf60f7d10cf,1,0.000000,0,0.000000,20bc1415251e9afa97a30763499cff078925468ef90999dd615d2848f9d6424d,20bc1415251e9afa97a30763499cff078925468ef90999dd615d2848f9d6424d,1.000000,1.000000
achromatic_checkerboard,1,95,420,pillow_optimized,a44c86c15a3a789f2398789c92d5ff1d07280d1b16f5c8dc0545b71439df143b,1,0.000000,0,0.000000,20bc1415251e9afa97a30763499cff078925468ef90999dd615d2848f9d6424d,20bc1415251e9afa97a30763499cff078925468ef90999dd615d2848f9d6424d,1.000000,1.000000
achromatic_checkerboard,2,50,444,opencv_quality,b738011078178d32da6f6eb072ec56c3957b1ebc1a3fbba7a6646461dbbb1d4a,1,0.000000,0,0.000000,c637ec7500726197f092177e15b93aab73a5c95073bcc099fc9a28d3ed9591bd,c637ec7500726197f092177e15b93aab73a5c95073bcc099fc9a28d3ed9591bd,1.000000,1.000000
achromatic_checkerboard,2,50,444,pillow_quality,b738011078178d32da6f6eb072ec56c3957b1ebc1a3fbba7a6646461dbbb1d4a,1,0.000000,0,0.000000,c637ec7500726197f092177e15b93aab73a5c95073bcc099fc9a28d3ed9591bd,c637ec7500726197f092177e15b93aab73a5c95073bcc099fc9a28d3ed9591bd,1.000000,1.000000
achromatic_checkerboard,2,50,444,pillow_explicit_dqt,b738011078178d32da6f6eb072ec56c3957b1ebc1a3fbba7a6646461dbbb1d4a,1,0.000000,0,0.000000,c637ec7500726197f092177e15b93aab73a5c95073bcc099fc9a28d3ed9591bd,c637ec7500726197f092177e15b93aab73a5c95073bcc099fc9a28d3ed9591bd,1.000000,1.000000
achromatic_checkerboard,2,50,444,pillow_optimized,85f7de1a8480834e2bae3fd5b291e923cfce0e1dfa89d59062e45b86c1ba239b,1,0.000000,0,0.000000,c637ec7500726197f092177e15b93aab73a5c95073bcc099fc9a28d3ed9591bd,c637ec7500726197f092177e15b93aab73a5c95073bcc099fc9a28d3ed9591bd,1.000000,1.000000
achromatic_checkerboard,2,50,420,opencv_quality,58deedea1fb3d0da9c16b947607d3fd5ce20e98f3e90d3d3badae7a92a0af11b,1,0.000000,0,0.000000,c637ec7500726197f092177e15b93aab73a5c95073bcc099fc9a28d3ed9591bd,c637ec7500726197f092177e15b93aab73a5c95073bcc099fc9a28d3ed9591bd,1.000000,1.000000
achromatic_checkerboard,2,50,420,pillow_quality,58deedea1fb3d0da9c16b947607d3fd5ce20e98f3e90d3d3badae7a92a0af11b,1,0.000000,0,0.000000,c637ec7500726197f092177e15b93aab73a5c95073bcc099fc9a28d3ed9591bd,c637ec7500726197f092177e15b93aab73a5c95073bcc099fc9a28d3ed9591bd,1.000000,1.000000
achromatic_checkerboard,2,50,420,pillow_explicit_dqt,58deedea1fb3d0da9c16b947607d3fd5ce20e98f3e90d3d3badae7a92a0af11b,1,0.000000,0,0.000000,c637ec7500726197f092177e15b93aab73a5c95073bcc099fc9a28d3ed9591bd,c637ec7500726197f092177e15b93aab73a5c95073bcc099fc9a28d3ed9591bd,1.000000,1.000000
achromatic_checkerboard,2,50,420,pillow_optimized,3d349cc1710e5f81958c4a0407288424c76dcb36730a5eb7194647d1617855d9,1,0.000000,0,0.000000,c637ec7500726197f092177e15b93aab73a5c95073bcc099fc9a28d3ed9591bd,c637ec7500726197f092177e15b93aab73a5c95073bcc099fc9a28d3ed9591bd,1.000000,1.000000
achromatic_checkerboard,2,75,444,opencv_quality,37b657ad0446582566899ebb2a6f72dcaa0e0c45e642e0c52161fee5bd4ab2d3,1,0.000000,0,0.000000,9b07a5d35138511b3655c1a6259fd82f59bd2d469591da6df645102ddbe4564c,9b07a5d35138511b3655c1a6259fd82f59bd2d469591da6df645102ddbe4564c,1.000000,1.000000
achromatic_checkerboard,2,75,444,pillow_quality,37b657ad0446582566899ebb2a6f72dcaa0e0c45e642e0c52161fee5bd4ab2d3,1,0.000000,0,0.000000,9b07a5d35138511b3655c1a6259fd82f59bd2d469591da6df645102ddbe4564c,9b07a5d35138511b3655c1a6259fd82f59bd2d469591da6df645102ddbe4564c,1.000000,1.000000
achromatic_checkerboard,2,75,444,pillow_explicit_dqt,37b657ad0446582566899ebb2a6f72dcaa0e0c45e642e0c52161fee5bd4ab2d3,1,0.000000,0,0.000000,9b07a5d35138511b3655c1a6259fd82f59bd2d469591da6df645102ddbe4564c,9b07a5d35138511b3655c1a6259fd82f59bd2d469591da6df645102ddbe4564c,1.000000,1.000000
achromatic_checkerboard,2,75,444,pillow_optimized,5b7adf92b46b1af061f9a72a94c885a3e588bef1acc63992b9c87396aad19ff8,1,0.000000,0,0.000000,9b07a5d35138511b3655c1a6259fd82f59bd2d469591da6df645102ddbe4564c,9b07a5d35138511b3655c1a6259fd82f59bd2d469591da6df645102ddbe4564c,1.000000,1.000000
achromatic_checkerboard,2,75,420,opencv_quality,5d5bae0f67edcb3285ba4eacba3da966fc4f765b60ff2943c852a45b111ab67c,1,0.000000,0,0.000000,9b07a5d35138511b3655c1a6259fd82f59bd2d469591da6df645102ddbe4564c,9b07a5d35138511b3655c1a6259fd82f59bd2d469591da6df645102ddbe4564c,1.000000,1.000000
achromatic_checkerboard,2,75,420,pillow_quality,5d5bae0f67edcb3285ba4eacba3da966fc4f765b60ff2943c852a45b111ab67c,1,0.000000,0,0.000000,9b07a5d35138511b3655c1a6259fd82f59bd2d469591da6df645102ddbe4564c,9b07a5d35138511b3655c1a6259fd82f59bd2d469591da6df645102ddbe4564c,1.000000,1.000000
achromatic_checkerboard,2,75,420,pillow_explicit_dqt,5d5bae0f67edcb3285ba4eacba3da966fc4f765b60ff2943c852a45b111ab67c,1,0.000000,0,0.000000,9b07a5d35138511b3655c1a6259fd82f59bd2d469591da6df645102ddbe4564c,9b07a5d35138511b3655c1a6259fd82f59bd2d469591da6df645102ddbe4564c,1.000000,1.000000
achromatic_checkerboard,2,75,420,pillow_optimized,00e1347199e000325636b9578d8a4b6847a2624d68f225f9e5a2b43a53fd1f60,1,0.000000,0,0.000000,9b07a5d35138511b3655c1a6259fd82f59bd2d469591da6df645102ddbe4564c,9b07a5d35138511b3655c1a6259fd82f59bd2d469591da6df645102ddbe4564c,1.000000,1.000000
achromatic_checkerboard,2,95,444,opencv_quality,748112a920f3006714dcb1878c0cfcd64d085feeded297d53bd674d4c53d007d,1,0.000000,0,0.000000,ec0b24fa0e6a914b14f84d8dea413ef74acbb839de2147af4e63015889b4ca60,ec0b24fa0e6a914b14f84d8dea413ef74acbb839de2147af4e63015889b4ca60,1.000000,1.000000
achromatic_checkerboard,2,95,444,pillow_quality,748112a920f3006714dcb1878c0cfcd64d085feeded297d53bd674d4c53d007d,1,0.000000,0,0.000000,ec0b24fa0e6a914b14f84d8dea413ef74acbb839de2147af4e63015889b4ca60,ec0b24fa0e6a914b14f84d8dea413ef74acbb839de2147af4e63015889b4ca60,1.000000,1.000000
achromatic_checkerboard,2,95,444,pillow_explicit_dqt,748112a920f3006714dcb1878c0cfcd64d085feeded297d53bd674d4c53d007d,1,0.000000,0,0.000000,ec0b24fa0e6a914b14f84d8dea413ef74acbb839de2147af4e63015889b4ca60,ec0b24fa0e6a914b14f84d8dea413ef74acbb839de2147af4e63015889b4ca60,1.000000,1.000000
achromatic_checkerboard,2,95,444,pillow_optimized,65baba0255fa20088c77f3298254a72c0f0c88a519ded7e0a3222981fa265916,1,0.000000,0,0.000000,ec0b24fa0e6a914b14f84d8dea413ef74acbb839de2147af4e63015889b4ca60,ec0b24fa0e6a914b14f84d8dea413ef74acbb839de2147af4e63015889b4ca60,1.000000,1.000000
achromatic_checkerboard,2,95,420,opencv_quality,a6a5bc4e2bdd11fb3158698c4d96f69dad4fded9cdd6326a35b7936fe9888489,1,0.000000,0,0.000000,ec0b24fa0e6a914b14f84d8dea413ef74acbb839de2147af4e63015889b4ca60,ec0b24fa0e6a914b14f84d8dea413ef74acbb839de2147af4e63015889b4ca60,1.000000,1.000000
achromatic_checkerboard,2,95,420,pillow_quality,a6a5bc4e2bdd11fb3158698c4d96f69dad4fded9cdd6326a35b7936fe9888489,1,0.000000,0,0.000000,ec0b24fa0e6a914b14f84d8dea413ef74acbb839de2147af4e63015889b4ca60,ec0b24fa0e6a914b14f84d8dea413ef74acbb839de2147af4e63015889b4ca60,1.000000,1.000000
achromatic_checkerboard,2,95,420,pillow_explicit_dqt,a6a5bc4e2bdd11fb3158698c4d96f69dad4fded9cdd6326a35b7936fe9888489,1,0.000000,0,0.000000,ec0b24fa0e6a914b14f84d8dea413ef74acbb839de2147af4e63015889b4ca60,ec0b24fa0e6a914b14f84d8dea413ef74acbb839de2147af4e63015889b4ca60,1.000000,1.000000
achromatic_checkerboard,2,95,420,pillow_optimized,5f3ef176db23666b7829534c6f700a3d2ee69575e563a2e248f99d3ef08d2756,1,0.000000,0,0.000000,ec0b24fa0e6a914b14f84d8dea413ef74acbb839de2147af4e63015889b4ca60,ec0b24fa0e6a914b14f84d8dea413ef74acbb839de2147af4e63015889b4ca60,1.000000,1.000000
achromatic_checkerboard,3,50,444,opencv_quality,1f9b3edf2e6eb95598bd3a9be71bf7d9092c4863a359fc9e9e4290901ceed12b,1,0.000000,0,0.000000,12127cf57a8026b9c5a7df396c3e5bc68a170e4f4c0955e2e7c2c0609535b916,12127cf57a8026b9c5a7df396c3e5bc68a170e4f4c0955e2e7c2c0609535b916,1.000000,1.000000
achromatic_checkerboard,3,50,444,pillow_quality,1f9b3edf2e6eb95598bd3a9be71bf7d9092c4863a359fc9e9e4290901ceed12b,1,0.000000,0,0.000000,12127cf57a8026b9c5a7df396c3e5bc68a170e4f4c0955e2e7c2c0609535b916,12127cf57a8026b9c5a7df396c3e5bc68a170e4f4c0955e2e7c2c0609535b916,1.000000,1.000000
achromatic_checkerboard,3,50,444,pillow_explicit_dqt,1f9b3edf2e6eb95598bd3a9be71bf7d9092c4863a359fc9e9e4290901ceed12b,1,0.000000,0,0.000000,12127cf57a8026b9c5a7df396c3e5bc68a170e4f4c0955e2e7c2c0609535b916,12127cf57a8026b9c5a7df396c3e5bc68a170e4f4c0955e2e7c2c0609535b916,1.000000,1.000000
achromatic_checkerboard,3,50,444,pillow_optimized,19cd9931b63939115584899dabd3ba0d862ed0225f1e8689aeb837291ee07c2e,1,0.000000,0,0.000000,12127cf57a8026b9c5a7df396c3e5bc68a170e4f4c0955e2e7c2c0609535b916,12127cf57a8026b9c5a7df396c3e5bc68a170e4f4c0955e2e7c2c0609535b916,1.000000,1.000000
achromatic_checkerboard,3,50,420,opencv_quality,a84e2f4ac513de2143af9cca61be818d0fabaa0765b271c56d442adf505afedc,1,0.000000,0,0.000000,12127cf57a8026b9c5a7df396c3e5bc68a170e4f4c0955e2e7c2c0609535b916,12127cf57a8026b9c5a7df396c3e5bc68a170e4f4c0955e2e7c2c0609535b916,1.000000,1.000000
achromatic_checkerboard,3,50,420,pillow_quality,a84e2f4ac513de2143af9cca61be818d0fabaa0765b271c56d442adf505afedc,1,0.000000,0,0.000000,12127cf57a8026b9c5a7df396c3e5bc68a170e4f4c0955e2e7c2c0609535b916,12127cf57a8026b9c5a7df396c3e5bc68a170e4f4c0955e2e7c2c0609535b916,1.000000,1.000000
achromatic_checkerboard,3,50,420,pillow_explicit_dqt,a84e2f4ac513de2143af9cca61be818d0fabaa0765b271c56d442adf505afedc,1,0.000000,0,0.000000,12127cf57a8026b9c5a7df396c3e5bc68a170e4f4c0955e2e7c2c0609535b916,12127cf57a8026b9c5a7df396c3e5bc68a170e4f4c0955e2e7c2c0609535b916,1.000000,1.000000
achromatic_checkerboard,3,50,420,pillow_optimized,24ddbaafb5574600d7b2c8b7e3cb750fe1ef1420d7f2f89468403be2f7414f51,1,0.000000,0,0.000000,12127cf57a8026b9c5a7df396c3e5bc68a170e4f4c0955e2e7c2c0609535b916,12127cf57a8026b9c5a7df396c3e5bc68a170e4f4c0955e2e7c2c0609535b916,1.000000,1.000000
achromatic_checkerboard,3,75,444,opencv_quality,86f767962c0d2f7903980c1f7b7a4e32c173b1a78bd36bc6235fc3dc7b4b490b,1,0.000000,0,0.000000,27210801427249180c7f8187ce3e0fe9ad7f8d1aef15d87b26055ff1b51f5e36,27210801427249180c7f8187ce3e0fe9ad7f8d1aef15d87b26055ff1b51f5e36,1.000000,1.000000
achromatic_checkerboard,3,75,444,pillow_quality,86f767962c0d2f7903980c1f7b7a4e32c173b1a78bd36bc6235fc3dc7b4b490b,1,0.000000,0,0.000000,27210801427249180c7f8187ce3e0fe9ad7f8d1aef15d87b26055ff1b51f5e36,27210801427249180c7f8187ce3e0fe9ad7f8d1aef15d87b26055ff1b51f5e36,1.000000,1.000000
achromatic_checkerboard,3,75,444,pillow_explicit_dqt,86f767962c0d2f7903980c1f7b7a4e32c173b1a78bd36bc6235fc3dc7b4b490b,1,0.000000,0,0.000000,27210801427249180c7f8187ce3e0fe9ad7f8d1aef15d87b26055ff1b51f5e36,27210801427249180c7f8187ce3e0fe9ad7f8d1aef15d87b26055ff1b51f5e36,1.000000,1.000000
achromatic_checkerboard,3,75,444,pillow_optimized,c81784f18a74e753ed62b91b4c508aed8b374b8f288b96fcad0eeada18932d8f,1,0.000000,0,0.000000,27210801427249180c7f8187ce3e0fe9ad7f8d1aef15d87b26055ff1b51f5e36,27210801427249180c7f8187ce3e0fe9ad7f8d1aef15d87b26055ff1b51f5e36,1.000000,1.000000
achromatic_checkerboard,3,75,420,opencv_quality,c0ae9e833c22d95424a19069d0e0a3f21e22ba83a6dada33090116ae938f5b68,1,0.000000,0,0.000000,27210801427249180c7f8187ce3e0fe9ad7f8d1aef15d87b26055ff1b51f5e36,27210801427249180c7f8187ce3e0fe9ad7f8d1aef15d87b26055ff1b51f5e36,1.000000,1.000000
achromatic_checkerboard,3,75,420,pillow_quality,c0ae9e833c22d95424a19069d0e0a3f21e22ba83a6dada33090116ae938f5b68,1,0.000000,0,0.000000,27210801427249180c7f8187ce3e0fe9ad7f8d1aef15d87b26055ff1b51f5e36,27210801427249180c7f8187ce3e0fe9ad7f8d1aef15d87b26055ff1b51f5e36,1.000000,1.000000
achromatic_checkerboard,3,75,420,pillow_explicit_dqt,c0ae9e833c22d95424a19069d0e0a3f21e22ba83a6dada33090116ae938f5b68,1,0.000000,0,0.000000,27210801427249180c7f8187ce3e0fe9ad7f8d1aef15d87b26055ff1b51f5e36,27210801427249180c7f8187ce3e0fe9ad7f8d1aef15d87b26055ff1b51f5e36,1.000000,1.000000
achromatic_checkerboard,3,75,420,pillow_optimized,c4b037c9fe41c2503aa0579edd6cd21881718f8ebb492d037722935c2260b9f0,1,0.000000,0,0.000000,27210801427249180c7f8187ce3e0fe9ad7f8d1aef15d87b26055ff1b51f5e36,27210801427249180c7f8187ce3e0fe9ad7f8d1aef15d87b26055ff1b51f5e36,1.000000,1.000000
achromatic_checkerboard,3,95,444,opencv_quality,c037b9594d20c6d17098691530644e9c27b3bf07ce73ef079ad74ce3232b67ac,1,0.000000,0,0.000000,1ec9afb4ee7eb540b4f71c38761480129df65f61ee64441bcce71b6f23496cab,1ec9afb4ee7eb540b4f71c38761480129df65f61ee64441bcce71b6f23496cab,1.000000,1.000000
achromatic_checkerboard,3,95,444,pillow_quality,c037b9594d20c6d17098691530644e9c27b3bf07ce73ef079ad74ce3232b67ac,1,0.000000,0,0.000000,1ec9afb4ee7eb540b4f71c38761480129df65f61ee64441bcce71b6f23496cab,1ec9afb4ee7eb540b4f71c38761480129df65f61ee64441bcce71b6f23496cab,1.000000,1.000000
achromatic_checkerboard,3,95,444,pillow_explicit_dqt,c037b9594d20c6d17098691530644e9c27b3bf07ce73ef079ad74ce3232b67ac,1,0.000000,0,0.000000,1ec9afb4ee7eb540b4f71c38761480129df65f61ee64441bcce71b6f23496cab,1ec9afb4ee7eb540b4f71c38761480129df65f61ee64441bcce71b6f23496cab,1.000000,1.000000
achromatic_checkerboard,3,95,444,pillow_optimized,b689fba6c9acdd471792be82b6e9b9a8667b51e31c48d41f82c95dee6d02e8a5,1,0.000000,0,0.000000,1ec9afb4ee7eb540b4f71c38761480129df65f61ee64441bcce71b6f23496cab,1ec9afb4ee7eb540b4f71c38761480129df65f61ee64441bcce71b6f23496cab,1.000000,1.000000
achromatic_checkerboard,3,95,420,opencv_quality,d85b1bc1bff0ed8ea649ebe7eac3008d4520a0dd7fc6fe58852f640ce9d55aaf,1,0.000000,0,0.000000,1ec9afb4ee7eb540b4f71c38761480129df65f61ee64441bcce71b6f23496cab,1ec9afb4ee7eb540b4f71c38761480129df65f61ee64441bcce71b6f23496cab,1.000000,1.000000
achromatic_checkerboard,3,95,420,pillow_quality,d85b1bc1bff0ed8ea649ebe7eac3008d4520a0dd7fc6fe58852f640ce9d55aaf,1,0.000000,0,0.000000,1ec9afb4ee7eb540b4f71c38761480129df65f61ee64441bcce71b6f23496cab,1ec9afb4ee7eb540b4f71c38761480129df65f61ee64441bcce71b6f23496cab,1.000000,1.000000
achromatic_checkerboard,3,95,420,pillow_explicit_dqt,d85b1bc1bff0ed8ea649ebe7eac3008d4520a0dd7fc6fe58852f640ce9d55aaf,1,0.000000,0,0.000000,1ec9afb4ee7eb540b4f71c38761480129df65f61ee64441bcce71b6f23496cab,1ec9afb4ee7eb540b4f71c38761480129df65f61ee64441bcce71b6f23496cab,1.000000,1.000000
achromatic_checkerboard,3,95,420,pillow_optimized,73ea6794e9000fa3d70f6b9da6b9a403dfddb75beb37a846969ea5743211b482,1,0.000000,0,0.000000,1ec9afb4ee7eb540b4f71c38761480129df65f61ee64441bcce71b6f23496cab,1ec9afb4ee7eb540b4f71c38761480129df65f61ee64441bcce71b6f23496cab,1.000000,1.000000
chromatic_stripes,0,50,444,opencv_quality,1ad817573cc5cd9671d395ecb5c897d544bd0757530c4a38a695e279b193cceb,1,0.000000,0,0.000000,6d77f6c80a84c06062d1cbaa97d01463d72180116fb49afca5cfb0c68e9fffa8,6d77f6c80a84c06062d1cbaa97d01463d72180116fb49afca5cfb0c68e9fffa8,1.000000,1.000000
chromatic_stripes,0,50,444,pillow_quality,1ad817573cc5cd9671d395ecb5c897d544bd0757530c4a38a695e279b193cceb,1,0.000000,0,0.000000,6d77f6c80a84c06062d1cbaa97d01463d72180116fb49afca5cfb0c68e9fffa8,6d77f6c80a84c06062d1cbaa97d01463d72180116fb49afca5cfb0c68e9fffa8,1.000000,1.000000
chromatic_stripes,0,50,444,pillow_explicit_dqt,1ad817573cc5cd9671d395ecb5c897d544bd0757530c4a38a695e279b193cceb,1,0.000000,0,0.000000,6d77f6c80a84c06062d1cbaa97d01463d72180116fb49afca5cfb0c68e9fffa8,6d77f6c80a84c06062d1cbaa97d01463d72180116fb49afca5cfb0c68e9fffa8,1.000000,1.000000
chromatic_stripes,0,50,444,pillow_optimized,deba86ca61fdb8162a126adb1f4a0b3be563388519fb78a4eb5ee70417036cf7,1,0.000000,0,0.000000,6d77f6c80a84c06062d1cbaa97d01463d72180116fb49afca5cfb0c68e9fffa8,6d77f6c80a84c06062d1cbaa97d01463d72180116fb49afca5cfb0c68e9fffa8,1.000000,1.000000
chromatic_stripes,0,50,420,opencv_quality,78b74e23e661a7dbe1d07af3207d339e307682d423ad73f065d388efa93391df,1,0.000000,0,0.000000,a2726e81f05b55765e7571398370a7e9ffeb66bef1bc3e1497619c74c6bd580f,a2726e81f05b55765e7571398370a7e9ffeb66bef1bc3e1497619c74c6bd580f,1.000000,1.000000
chromatic_stripes,0,50,420,pillow_quality,78b74e23e661a7dbe1d07af3207d339e307682d423ad73f065d388efa93391df,1,0.000000,0,0.000000,a2726e81f05b55765e7571398370a7e9ffeb66bef1bc3e1497619c74c6bd580f,a2726e81f05b55765e7571398370a7e9ffeb66bef1bc3e1497619c74c6bd580f,1.000000,1.000000
chromatic_stripes,0,50,420,pillow_explicit_dqt,78b74e23e661a7dbe1d07af3207d339e307682d423ad73f065d388efa93391df,1,0.000000,0,0.000000,a2726e81f05b55765e7571398370a7e9ffeb66bef1bc3e1497619c74c6bd580f,a2726e81f05b55765e7571398370a7e9ffeb66bef1bc3e1497619c74c6bd580f,1.000000,1.000000
chromatic_stripes,0,50,420,pillow_optimized,95e7aa3de29f4545c96f31ae6401e9d8cb86538926faa37bf4b0042695c15b8f,1,0.000000,0,0.000000,a2726e81f05b55765e7571398370a7e9ffeb66bef1bc3e1497619c74c6bd580f,a2726e81f05b55765e7571398370a7e9ffeb66bef1bc3e1497619c74c6bd580f,1.000000,1.000000
chromatic_stripes,0,75,444,opencv_quality,34d3240fb505af62f3954fa3be562480ccd900bf0b698cbe05260bc4f65ee3d7,1,0.000000,0,0.000000,eb4e92bbd5cc8de7e880b739513759ec813d09f096a18ba1ae72e2ead24916d2,eb4e92bbd5cc8de7e880b739513759ec813d09f096a18ba1ae72e2ead24916d2,1.000000,1.000000
chromatic_stripes,0,75,444,pillow_quality,34d3240fb505af62f3954fa3be562480ccd900bf0b698cbe05260bc4f65ee3d7,1,0.000000,0,0.000000,eb4e92bbd5cc8de7e880b739513759ec813d09f096a18ba1ae72e2ead24916d2,eb4e92bbd5cc8de7e880b739513759ec813d09f096a18ba1ae72e2ead24916d2,1.000000,1.000000
chromatic_stripes,0,75,444,pillow_explicit_dqt,34d3240fb505af62f3954fa3be562480ccd900bf0b698cbe05260bc4f65ee3d7,1,0.000000,0,0.000000,eb4e92bbd5cc8de7e880b739513759ec813d09f096a18ba1ae72e2ead24916d2,eb4e92bbd5cc8de7e880b739513759ec813d09f096a18ba1ae72e2ead24916d2,1.000000,1.000000
chromatic_stripes,0,75,444,pillow_optimized,a64d208ea6b283c43bc73ba3cc90e9ee5d88b26b9b0b16319469fdb9f45ccdd9,1,0.000000,0,0.000000,eb4e92bbd5cc8de7e880b739513759ec813d09f096a18ba1ae72e2ead24916d2,eb4e92bbd5cc8de7e880b739513759ec813d09f096a18ba1ae72e2ead24916d2,1.000000,1.000000
chromatic_stripes,0,75,420,opencv_quality,2c33c6ab6461aca56cb94759c23da4e0b48828a45bcd2dde1348b9742b02c3d4,1,0.000000,0,0.000000,7c4baac4e8cdf81267c4c2f340c9e45cc152531ff7c7d0b6a166e5e110224ba6,7c4baac4e8cdf81267c4c2f340c9e45cc152531ff7c7d0b6a166e5e110224ba6,1.000000,1.000000
chromatic_stripes,0,75,420,pillow_quality,2c33c6ab6461aca56cb94759c23da4e0b48828a45bcd2dde1348b9742b02c3d4,1,0.000000,0,0.000000,7c4baac4e8cdf81267c4c2f340c9e45cc152531ff7c7d0b6a166e5e110224ba6,7c4baac4e8cdf81267c4c2f340c9e45cc152531ff7c7d0b6a166e5e110224ba6,1.000000,1.000000
chromatic_stripes,0,75,420,pillow_explicit_dqt,2c33c6ab6461aca56cb94759c23da4e0b48828a45bcd2dde1348b9742b02c3d4,1,0.000000,0,0.000000,7c4baac4e8cdf81267c4c2f340c9e45cc152531ff7c7d0b6a166e5e110224ba6,7c4baac4e8cdf81267c4c2f340c9e45cc152531ff7c7d0b6a166e5e110224ba6,1.000000,1.000000
chromatic_stripes,0,75,420,pillow_optimized,b3052434e5e22964a37fae470c3747e156f43ad1703eff4c6ad608792c44651d,1,0.000000,0,0.000000,7c4baac4e8cdf81267c4c2f340c9e45cc152531ff7c7d0b6a166e5e110224ba6,7c4baac4e8cdf81267c4c2f340c9e45cc152531ff7c7d0b6a166e5e110224ba6,1.000000,1.000000
chromatic_stripes,0,95,444,opencv_quality,d835d3e599aa3417fe941f5c6bb42c3098d67cba826b54e8c780a41ec5b7a91b,1,0.000000,0,0.000000,eb4e92bbd5cc8de7e880b739513759ec813d09f096a18ba1ae72e2ead24916d2,eb4e92bbd5cc8de7e880b739513759ec813d09f096a18ba1ae72e2ead24916d2,1.000000,1.000000
chromatic_stripes,0,95,444,pillow_quality,d835d3e599aa3417fe941f5c6bb42c3098d67cba826b54e8c780a41ec5b7a91b,1,0.000000,0,0.000000,eb4e92bbd5cc8de7e880b739513759ec813d09f096a18ba1ae72e2ead24916d2,eb4e92bbd5cc8de7e880b739513759ec813d09f096a18ba1ae72e2ead24916d2,1.000000,1.000000
chromatic_stripes,0,95,444,pillow_explicit_dqt,d835d3e599aa3417fe941f5c6bb42c3098d67cba826b54e8c780a41ec5b7a91b,1,0.000000,0,0.000000,eb4e92bbd5cc8de7e880b739513759ec813d09f096a18ba1ae72e2ead24916d2,eb4e92bbd5cc8de7e880b739513759ec813d09f096a18ba1ae72e2ead24916d2,1.000000,1.000000
chromatic_stripes,0,95,444,pillow_optimized,de3419cf7a0aa4543e1e66e166f20169cf672732994357c8eb40edf066c66faa,1,0.000000,0,0.000000,eb4e92bbd5cc8de7e880b739513759ec813d09f096a18ba1ae72e2ead24916d2,eb4e92bbd5cc8de7e880b739513759ec813d09f096a18ba1ae72e2ead24916d2,1.000000,1.000000
chromatic_stripes,0,95,420,opencv_quality,0d71f5b677496ada5ed14f480f5cd0e532ed4f9733d19a5233f2fa5ac24dd35e,1,0.000000,0,0.000000,7290747b986d86e71d2e3a65d8fb6bf60043b5055910dae3a947fb9cba5cc083,7290747b986d86e71d2e3a65d8fb6bf60043b5055910dae3a947fb9cba5cc083,1.000000,1.000000
chromatic_stripes,0,95,420,pillow_quality,0d71f5b677496ada5ed14f480f5cd0e532ed4f9733d19a5233f2fa5ac24dd35e,1,0.000000,0,0.000000,7290747b986d86e71d2e3a65d8fb6bf60043b5055910dae3a947fb9cba5cc083,7290747b986d86e71d2e3a65d8fb6bf60043b5055910dae3a947fb9cba5cc083,1.000000,1.000000
chromatic_stripes,0,95,420,pillow_explicit_dqt,0d71f5b677496ada5ed14f480f5cd0e532ed4f9733d19a5233f2fa5ac24dd35e,1,0.000000,0,0.000000,7290747b986d86e71d2e3a65d8fb6bf60043b5055910dae3a947fb9cba5cc083,7290747b986d86e71d2e3a65d8fb6bf60043b5055910dae3a947fb9cba5cc083,1.000000,1.000000
chromatic_stripes,0,95,420,pillow_optimized,a460836ed1d782e037e59c2588c8e755b1bff85fa3447db817908e8fbe4e6a33,1,0.000000,0,0.000000,7290747b986d86e71d2e3a65d8fb6bf60043b5055910dae3a947fb9cba5cc083,7290747b986d86e71d2e3a65d8fb6bf60043b5055910dae3a947fb9cba5cc083,1.000000,1.000000
chromatic_stripes,1,50,444,opencv_quality,f77ee31484d62cc35e89f6930fbe5d4284071fbaf66f25ecddac7995e5a2a299,1,0.000000,0,0.000000,8c55ecbc11239e34b0b24c4165820d1c4dfd16545006aa38a4cacb78ac818712,8c55ecbc11239e34b0b24c4165820d1c4dfd16545006aa38a4cacb78ac818712,1.000000,1.000000
chromatic_stripes,1,50,444,pillow_quality,f77ee31484d62cc35e89f6930fbe5d4284071fbaf66f25ecddac7995e5a2a299,1,0.000000,0,0.000000,8c55ecbc11239e34b0b24c4165820d1c4dfd16545006aa38a4cacb78ac818712,8c55ecbc11239e34b0b24c4165820d1c4dfd16545006aa38a4cacb78ac818712,1.000000,1.000000
chromatic_stripes,1,50,444,pillow_explicit_dqt,f77ee31484d62cc35e89f6930fbe5d4284071fbaf66f25ecddac7995e5a2a299,1,0.000000,0,0.000000,8c55ecbc11239e34b0b24c4165820d1c4dfd16545006aa38a4cacb78ac818712,8c55ecbc11239e34b0b24c4165820d1c4dfd16545006aa38a4cacb78ac818712,1.000000,1.000000
chromatic_stripes,1,50,444,pillow_optimized,615f6396b3a21736694960419fed50fc38a5db0795155d39c0af645a62fcb3c2,1,0.000000,0,0.000000,8c55ecbc11239e34b0b24c4165820d1c4dfd16545006aa38a4cacb78ac818712,8c55ecbc11239e34b0b24c4165820d1c4dfd16545006aa38a4cacb78ac818712,1.000000,1.000000
chromatic_stripes,1,50,420,opencv_quality,e37827a0be75a92c97c7da1d6d038abcbf5881f4be9478bb58d1a644f1b230f7,1,0.000000,0,0.000000,2e39f644f1257e9c87dec67a44c68c85ac954352dcd0456c6b4129cba47e3879,2e39f644f1257e9c87dec67a44c68c85ac954352dcd0456c6b4129cba47e3879,1.000000,1.000000
chromatic_stripes,1,50,420,pillow_quality,e37827a0be75a92c97c7da1d6d038abcbf5881f4be9478bb58d1a644f1b230f7,1,0.000000,0,0.000000,2e39f644f1257e9c87dec67a44c68c85ac954352dcd0456c6b4129cba47e3879,2e39f644f1257e9c87dec67a44c68c85ac954352dcd0456c6b4129cba47e3879,1.000000,1.000000
chromatic_stripes,1,50,420,pillow_explicit_dqt,e37827a0be75a92c97c7da1d6d038abcbf5881f4be9478bb58d1a644f1b230f7,1,0.000000,0,0.000000,2e39f644f1257e9c87dec67a44c68c85ac954352dcd0456c6b4129cba47e3879,2e39f644f1257e9c87dec67a44c68c85ac954352dcd0456c6b4129cba47e3879,1.000000,1.000000
chromatic_stripes,1,50,420,pillow_optimized,77a8d232c15c8325b581d1e1721c675d9becc1a382988cd30e8d42977137d459,1,0.000000,0,0.000000,2e39f644f1257e9c87dec67a44c68c85ac954352dcd0456c6b4129cba47e3879,2e39f644f1257e9c87dec67a44c68c85ac954352dcd0456c6b4129cba47e3879,1.000000,1.000000
chromatic_stripes,1,75,444,opencv_quality,11bb34141ed24b4ce3f0975aebb63bdd4da873c55758fb1ebe43f70b18671107,1,0.000000,0,0.000000,2101fc25868b69cde3d34b071b052609d3c7b8a074721901b1154cb51511d8cd,2101fc25868b69cde3d34b071b052609d3c7b8a074721901b1154cb51511d8cd,1.000000,1.000000
chromatic_stripes,1,75,444,pillow_quality,11bb34141ed24b4ce3f0975aebb63bdd4da873c55758fb1ebe43f70b18671107,1,0.000000,0,0.000000,2101fc25868b69cde3d34b071b052609d3c7b8a074721901b1154cb51511d8cd,2101fc25868b69cde3d34b071b052609d3c7b8a074721901b1154cb51511d8cd,1.000000,1.000000
chromatic_stripes,1,75,444,pillow_explicit_dqt,11bb34141ed24b4ce3f0975aebb63bdd4da873c55758fb1ebe43f70b18671107,1,0.000000,0,0.000000,2101fc25868b69cde3d34b071b052609d3c7b8a074721901b1154cb51511d8cd,2101fc25868b69cde3d34b071b052609d3c7b8a074721901b1154cb51511d8cd,1.000000,1.000000
chromatic_stripes,1,75,444,pillow_optimized,8536737232474341d482bdedc0d2580d265b4a9b21e6e3b49382127e66720dab,1,0.000000,0,0.000000,2101fc25868b69cde3d34b071b052609d3c7b8a074721901b1154cb51511d8cd,2101fc25868b69cde3d34b071b052609d3c7b8a074721901b1154cb51511d8cd,1.000000,1.000000
chromatic_stripes,1,75,420,opencv_quality,e4266bbbfc17596a47bccb9be40c7f050f557310f2c24d1efec0e11b2c914b97,1,0.000000,0,0.000000,ccf881fdbf83184779988e4070520c309ef6e75f3abba6584876d910d7cb674b,ccf881fdbf83184779988e4070520c309ef6e75f3abba6584876d910d7cb674b,1.000000,1.000000
chromatic_stripes,1,75,420,pillow_quality,e4266bbbfc17596a47bccb9be40c7f050f557310f2c24d1efec0e11b2c914b97,1,0.000000,0,0.000000,ccf881fdbf83184779988e4070520c309ef6e75f3abba6584876d910d7cb674b,ccf881fdbf83184779988e4070520c309ef6e75f3abba6584876d910d7cb674b,1.000000,1.000000
chromatic_stripes,1,75,420,pillow_explicit_dqt,e4266bbbfc17596a47bccb9be40c7f050f557310f2c24d1efec0e11b2c914b97,1,0.000000,0,0.000000,ccf881fdbf83184779988e4070520c309ef6e75f3abba6584876d910d7cb674b,ccf881fdbf83184779988e4070520c309ef6e75f3abba6584876d910d7cb674b,1.000000,1.000000
chromatic_stripes,1,75,420,pillow_optimized,3bde63266c17f62a2b013baa90fcfe1df21fdd6732c2b1aefaf8be7003c79a46,1,0.000000,0,0.000000,ccf881fdbf83184779988e4070520c309ef6e75f3abba6584876d910d7cb674b,ccf881fdbf83184779988e4070520c309ef6e75f3abba6584876d910d7cb674b,1.000000,1.000000
chromatic_stripes,1,95,444,opencv_quality,4172fc241568ca71865133c5da27c6fad51f8ce71261b278373b1ad2854a9f2d,1,0.000000,0,0.000000,60b6618b9ded1e0796d0c3f6435734c882d2dbc9a0442cb0d48f9abc07dffd15,60b6618b9ded1e0796d0c3f6435734c882d2dbc9a0442cb0d48f9abc07dffd15,1.000000,1.000000
chromatic_stripes,1,95,444,pillow_quality,4172fc241568ca71865133c5da27c6fad51f8ce71261b278373b1ad2854a9f2d,1,0.000000,0,0.000000,60b6618b9ded1e0796d0c3f6435734c882d2dbc9a0442cb0d48f9abc07dffd15,60b6618b9ded1e0796d0c3f6435734c882d2dbc9a0442cb0d48f9abc07dffd15,1.000000,1.000000
chromatic_stripes,1,95,444,pillow_explicit_dqt,4172fc241568ca71865133c5da27c6fad51f8ce71261b278373b1ad2854a9f2d,1,0.000000,0,0.000000,60b6618b9ded1e0796d0c3f6435734c882d2dbc9a0442cb0d48f9abc07dffd15,60b6618b9ded1e0796d0c3f6435734c882d2dbc9a0442cb0d48f9abc07dffd15,1.000000,1.000000
chromatic_stripes,1,95,444,pillow_optimized,1e6605853fb436c87d46aba161edae498fc0c369015f285360f19ffc5c2ce55d,1,0.000000,0,0.000000,60b6618b9ded1e0796d0c3f6435734c882d2dbc9a0442cb0d48f9abc07dffd15,60b6618b9ded1e0796d0c3f6435734c882d2dbc9a0442cb0d48f9abc07dffd15,1.000000,1.000000
chromatic_stripes,1,95,420,opencv_quality,a8f46d678b8f0c19e6851f1a2f87f4d19777fcd2cfcdf6268ffd7b9df5af1465,1,0.000000,0,0.000000,fbc409ff05014c80f4700d2a2d671b42473a04891f5e952247b1b88e30f237af,fbc409ff05014c80f4700d2a2d671b42473a04891f5e952247b1b88e30f237af,1.000000,1.000000
chromatic_stripes,1,95,420,pillow_quality,a8f46d678b8f0c19e6851f1a2f87f4d19777fcd2cfcdf6268ffd7b9df5af1465,1,0.000000,0,0.000000,fbc409ff05014c80f4700d2a2d671b42473a04891f5e952247b1b88e30f237af,fbc409ff05014c80f4700d2a2d671b42473a04891f5e952247b1b88e30f237af,1.000000,1.000000
chromatic_stripes,1,95,420,pillow_explicit_dqt,a8f46d678b8f0c19e6851f1a2f87f4d19777fcd2cfcdf6268ffd7b9df5af1465,1,0.000000,0,0.000000,fbc409ff05014c80f4700d2a2d671b42473a04891f5e952247b1b88e30f237af,fbc409ff05014c80f4700d2a2d671b42473a04891f5e952247b1b88e30f237af,1.000000,1.000000
chromatic_stripes,1,95,420,pillow_optimized,fda606e87f3e19941d6c219c54bdd63f5d977900de8ecadf9d84ed17b5bfefbf,1,0.000000,0,0.000000,fbc409ff05014c80f4700d2a2d671b42473a04891f5e952247b1b88e30f237af,fbc409ff05014c80f4700d2a2d671b42473a04891f5e952247b1b88e30f237af,1.000000,1.000000
chromatic_stripes,2,50,444,opencv_quality,6027bb690748070550ca95e546166287959f4febedf2b288448d0a94097886b0,1,0.000000,0,0.000000,6ac09d733e7691dd81d1a9c90b9a98779023be16fdd7d2baa412b7b1ab574d4e,6ac09d733e7691dd81d1a9c90b9a98779023be16fdd7d2baa412b7b1ab574d4e,1.000000,1.000000
chromatic_stripes,2,50,444,pillow_quality,6027bb690748070550ca95e546166287959f4febedf2b288448d0a94097886b0,1,0.000000,0,0.000000,6ac09d733e7691dd81d1a9c90b9a98779023be16fdd7d2baa412b7b1ab574d4e,6ac09d733e7691dd81d1a9c90b9a98779023be16fdd7d2baa412b7b1ab574d4e,1.000000,1.000000
chromatic_stripes,2,50,444,pillow_explicit_dqt,6027bb690748070550ca95e546166287959f4febedf2b288448d0a94097886b0,1,0.000000,0,0.000000,6ac09d733e7691dd81d1a9c90b9a98779023be16fdd7d2baa412b7b1ab574d4e,6ac09d733e7691dd81d1a9c90b9a98779023be16fdd7d2baa412b7b1ab574d4e,1.000000,1.000000
chromatic_stripes,2,50,444,pillow_optimized,3a7c2706a871b56bc1d705e0ea5c1194ce68e180432a36f3bd902f3ab9427071,1,0.000000,0,0.000000,6ac09d733e7691dd81d1a9c90b9a98779023be16fdd7d2baa412b7b1ab574d4e,6ac09d733e7691dd81d1a9c90b9a98779023be16fdd7d2baa412b7b1ab574d4e,1.000000,1.000000
chromatic_stripes,2,50,420,opencv_quality,e3f8022ef07665fa49e2dc5b29851150677374c2a74a4cb07ebd0a1e314344f6,1,0.000000,0,0.000000,761b7ff1ea9e56a18de36a9ffa682655ad927ab001a7053a2b0a2be2bc8186ec,761b7ff1ea9e56a18de36a9ffa682655ad927ab001a7053a2b0a2be2bc8186ec,1.000000,1.000000
chromatic_stripes,2,50,420,pillow_quality,e3f8022ef07665fa49e2dc5b29851150677374c2a74a4cb07ebd0a1e314344f6,1,0.000000,0,0.000000,761b7ff1ea9e56a18de36a9ffa682655ad927ab001a7053a2b0a2be2bc8186ec,761b7ff1ea9e56a18de36a9ffa682655ad927ab001a7053a2b0a2be2bc8186ec,1.000000,1.000000
chromatic_stripes,2,50,420,pillow_explicit_dqt,e3f8022ef07665fa49e2dc5b29851150677374c2a74a4cb07ebd0a1e314344f6,1,0.000000,0,0.000000,761b7ff1ea9e56a18de36a9ffa682655ad927ab001a7053a2b0a2be2bc8186ec,761b7ff1ea9e56a18de36a9ffa682655ad927ab001a7053a2b0a2be2bc8186ec,1.000000,1.000000
chromatic_stripes,2,50,420,pillow_optimized,cb448072482684f5de9ada7c56f1c85fbdeb0b18b4b3447b7f38e878c9c60c0a,1,0.000000,0,0.000000,761b7ff1ea9e56a18de36a9ffa682655ad927ab001a7053a2b0a2be2bc8186ec,761b7ff1ea9e56a18de36a9ffa682655ad927ab001a7053a2b0a2be2bc8186ec,1.000000,1.000000
chromatic_stripes,2,75,444,opencv_quality,c6bcc182d79ef7d56f5ee7c38313b93f2f6514e1a0ef0ffc0a04ab958f238e32,1,0.000000,0,0.000000,d8c812c0953b8323e757cb2ce0517ac7284bc1b588565ac975aa0e7f8c8c73c6,d8c812c0953b8323e757cb2ce0517ac7284bc1b588565ac975aa0e7f8c8c73c6,1.000000,1.000000
chromatic_stripes,2,75,444,pillow_quality,c6bcc182d79ef7d56f5ee7c38313b93f2f6514e1a0ef0ffc0a04ab958f238e32,1,0.000000,0,0.000000,d8c812c0953b8323e757cb2ce0517ac7284bc1b588565ac975aa0e7f8c8c73c6,d8c812c0953b8323e757cb2ce0517ac7284bc1b588565ac975aa0e7f8c8c73c6,1.000000,1.000000
chromatic_stripes,2,75,444,pillow_explicit_dqt,c6bcc182d79ef7d56f5ee7c38313b93f2f6514e1a0ef0ffc0a04ab958f238e32,1,0.000000,0,0.000000,d8c812c0953b8323e757cb2ce0517ac7284bc1b588565ac975aa0e7f8c8c73c6,d8c812c0953b8323e757cb2ce0517ac7284bc1b588565ac975aa0e7f8c8c73c6,1.000000,1.000000
chromatic_stripes,2,75,444,pillow_optimized,b38b9eebdae7530f3c1bfc025883cb04b6c9f2d6fa2b4408983229aaeaebd096,1,0.000000,0,0.000000,d8c812c0953b8323e757cb2ce0517ac7284bc1b588565ac975aa0e7f8c8c73c6,d8c812c0953b8323e757cb2ce0517ac7284bc1b588565ac975aa0e7f8c8c73c6,1.000000,1.000000
chromatic_stripes,2,75,420,opencv_quality,78ac322ec057b9d2c7b4ac549abd87b7bc7d0b0a5102d2b8214fdb8ed865d9c8,1,0.000000,0,0.000000,27e3bee2abf7f4c6a66efa1b5120dd9e94a0368d347177babcae91af419d467c,27e3bee2abf7f4c6a66efa1b5120dd9e94a0368d347177babcae91af419d467c,1.000000,1.000000
chromatic_stripes,2,75,420,pillow_quality,78ac322ec057b9d2c7b4ac549abd87b7bc7d0b0a5102d2b8214fdb8ed865d9c8,1,0.000000,0,0.000000,27e3bee2abf7f4c6a66efa1b5120dd9e94a0368d347177babcae91af419d467c,27e3bee2abf7f4c6a66efa1b5120dd9e94a0368d347177babcae91af419d467c,1.000000,1.000000
chromatic_stripes,2,75,420,pillow_explicit_dqt,78ac322ec057b9d2c7b4ac549abd87b7bc7d0b0a5102d2b8214fdb8ed865d9c8,1,0.000000,0,0.000000,27e3bee2abf7f4c6a66efa1b5120dd9e94a0368d347177babcae91af419d467c,27e3bee2abf7f4c6a66efa1b5120dd9e94a0368d347177babcae91af419d467c,1.000000,1.000000
chromatic_stripes,2,75,420,pillow_optimized,16fc07d4384b5317a9387d8562608bf2cef746937722fcbd0e8f758023f4c7b3,1,0.000000,0,0.000000,27e3bee2abf7f4c6a66efa1b5120dd9e94a0368d347177babcae91af419d467c,27e3bee2abf7f4c6a66efa1b5120dd9e94a0368d347177babcae91af419d467c,1.000000,1.000000
chromatic_stripes,2,95,444,opencv_quality,4938610154b623d8284d9486b4913d519f9beb403adc9f0be476cce0f7eb300b,1,0.000000,0,0.000000,315fe155e1531a3ff1a21f090c99ea25706008f8c666672f5f573cdcd6729f7c,315fe155e1531a3ff1a21f090c99ea25706008f8c666672f5f573cdcd6729f7c,1.000000,1.000000
chromatic_stripes,2,95,444,pillow_quality,4938610154b623d8284d9486b4913d519f9beb403adc9f0be476cce0f7eb300b,1,0.000000,0,0.000000,315fe155e1531a3ff1a21f090c99ea25706008f8c666672f5f573cdcd6729f7c,315fe155e1531a3ff1a21f090c99ea25706008f8c666672f5f573cdcd6729f7c,1.000000,1.000000
chromatic_stripes,2,95,444,pillow_explicit_dqt,4938610154b623d8284d9486b4913d519f9beb403adc9f0be476cce0f7eb300b,1,0.000000,0,0.000000,315fe155e1531a3ff1a21f090c99ea25706008f8c666672f5f573cdcd6729f7c,315fe155e1531a3ff1a21f090c99ea25706008f8c666672f5f573cdcd6729f7c,1.000000,1.000000
chromatic_stripes,2,95,444,pillow_optimized,b1ae094072dbdb3934aa9e438ed7ce22e46ac1dd2bfb6461be2c2f770dcc3628,1,0.000000,0,0.000000,315fe155e1531a3ff1a21f090c99ea25706008f8c666672f5f573cdcd6729f7c,315fe155e1531a3ff1a21f090c99ea25706008f8c666672f5f573cdcd6729f7c,1.000000,1.000000
chromatic_stripes,2,95,420,opencv_quality,6d6bf3e6962d50abf569205c536cc365fcd1e4ad4c65349a504c7639e835e6fd,1,0.000000,0,0.000000,6923a154f81711f2a20482f08c69950009406897947360dc6e31fe46ef130d9c,6923a154f81711f2a20482f08c69950009406897947360dc6e31fe46ef130d9c,1.000000,1.000000
chromatic_stripes,2,95,420,pillow_quality,6d6bf3e6962d50abf569205c536cc365fcd1e4ad4c65349a504c7639e835e6fd,1,0.000000,0,0.000000,6923a154f81711f2a20482f08c69950009406897947360dc6e31fe46ef130d9c,6923a154f81711f2a20482f08c69950009406897947360dc6e31fe46ef130d9c,1.000000,1.000000
chromatic_stripes,2,95,420,pillow_explicit_dqt,6d6bf3e6962d50abf569205c536cc365fcd1e4ad4c65349a504c7639e835e6fd,1,0.000000,0,0.000000,6923a154f81711f2a20482f08c69950009406897947360dc6e31fe46ef130d9c,6923a154f81711f2a20482f08c69950009406897947360dc6e31fe46ef130d9c,1.000000,1.000000
chromatic_stripes,2,95,420,pillow_optimized,bc81a85009acdb95d573097d3a4344e2c385d11a578ae304fda761cb11a08154,1,0.000000,0,0.000000,6923a154f81711f2a20482f08c69950009406897947360dc6e31fe46ef130d9c,6923a154f81711f2a20482f08c69950009406897947360dc6e31fe46ef130d9c,1.000000,1.000000
chromatic_stripes,3,50,444,opencv_quality,1f5effd9f28199b3f4cdc729c69db155cfcbb8d6ec753d8ed692a29b8752e1dc,1,0.000000,0,0.000000,1fe5d05f325d511075ad54fd5d6aea8ff00c4eac54f0e5d59f5b33efb8cf6092,1fe5d05f325d511075ad54fd5d6aea8ff00c4eac54f0e5d59f5b33efb8cf6092,1.000000,1.000000
chromatic_stripes,3,50,444,pillow_quality,1f5effd9f28199b3f4cdc729c69db155cfcbb8d6ec753d8ed692a29b8752e1dc,1,0.000000,0,0.000000,1fe5d05f325d511075ad54fd5d6aea8ff00c4eac54f0e5d59f5b33efb8cf6092,1fe5d05f325d511075ad54fd5d6aea8ff00c4eac54f0e5d59f5b33efb8cf6092,1.000000,1.000000
chromatic_stripes,3,50,444,pillow_explicit_dqt,1f5effd9f28199b3f4cdc729c69db155cfcbb8d6ec753d8ed692a29b8752e1dc,1,0.000000,0,0.000000,1fe5d05f325d511075ad54fd5d6aea8ff00c4eac54f0e5d59f5b33efb8cf6092,1fe5d05f325d511075ad54fd5d6aea8ff00c4eac54f0e5d59f5b33efb8cf6092,1.000000,1.000000
chromatic_stripes,3,50,444,pillow_optimized,a90785a4fb86b9ed98d8b5edc94c7c00f3313245f2af3d2a29a4e5823239000e,1,0.000000,0,0.000000,1fe5d05f325d511075ad54fd5d6aea8ff00c4eac54f0e5d59f5b33efb8cf6092,1fe5d05f325d511075ad54fd5d6aea8ff00c4eac54f0e5d59f5b33efb8cf6092,1.000000,1.000000
chromatic_stripes,3,50,420,opencv_quality,e1f49bf1bb5ccb9e6c0bb9ec3b13fe4b738c363c2cae8012c2bfcfa7cbb701c6,1,0.000000,0,0.000000,0d8ed7ef789f9edae261e15d48564ea861e82de4dc06d9ca6f70060cf45e47f3,0d8ed7ef789f9edae261e15d48564ea861e82de4dc06d9ca6f70060cf45e47f3,1.000000,1.000000
chromatic_stripes,3,50,420,pillow_quality,e1f49bf1bb5ccb9e6c0bb9ec3b13fe4b738c363c2cae8012c2bfcfa7cbb701c6,1,0.000000,0,0.000000,0d8ed7ef789f9edae261e15d48564ea861e82de4dc06d9ca6f70060cf45e47f3,0d8ed7ef789f9edae261e15d48564ea861e82de4dc06d9ca6f70060cf45e47f3,1.000000,1.000000
chromatic_stripes,3,50,420,pillow_explicit_dqt,e1f49bf1bb5ccb9e6c0bb9ec3b13fe4b738c363c2cae8012c2bfcfa7cbb701c6,1,0.000000,0,0.000000,0d8ed7ef789f9edae261e15d48564ea861e82de4dc06d9ca6f70060cf45e47f3,0d8ed7ef789f9edae261e15d48564ea861e82de4dc06d9ca6f70060cf45e47f3,1.000000,1.000000
chromatic_stripes,3,50,420,pillow_optimized,4e9cf2a87f7eea100f3f637d2bf25d9e247efbed52719d5ed077a3f060822a3b,1,0.000000,0,0.000000,0d8ed7ef789f9edae261e15d48564ea861e82de4dc06d9ca6f70060cf45e47f3,0d8ed7ef789f9edae261e15d48564ea861e82de4dc06d9ca6f70060cf45e47f3,1.000000,1.000000
chromatic_stripes,3,75,444,opencv_quality,6428dfd513b2489398ff1f835c0b61586f9b436d71b97d0fa659330137b0dc48,1,0.000000,0,0.000000,ca66c98415b7a3553795ee8b946d53c96ced606d02467bde8f1646922e4c9265,ca66c98415b7a3553795ee8b946d53c96ced606d02467bde8f1646922e4c9265,1.000000,1.000000
chromatic_stripes,3,75,444,pillow_quality,6428dfd513b2489398ff1f835c0b61586f9b436d71b97d0fa659330137b0dc48,1,0.000000,0,0.000000,ca66c98415b7a3553795ee8b946d53c96ced606d02467bde8f1646922e4c9265,ca66c98415b7a3553795ee8b946d53c96ced606d02467bde8f1646922e4c9265,1.000000,1.000000
chromatic_stripes,3,75,444,pillow_explicit_dqt,6428dfd513b2489398ff1f835c0b61586f9b436d71b97d0fa659330137b0dc48,1,0.000000,0,0.000000,ca66c98415b7a3553795ee8b946d53c96ced606d02467bde8f1646922e4c9265,ca66c98415b7a3553795ee8b946d53c96ced606d02467bde8f1646922e4c9265,1.000000,1.000000
chromatic_stripes,3,75,444,pillow_optimized,c459b2cb92ea1e4c382081743110bdc43fb61448c33d34eb90efadf9e9de9dd4,1,0.000000,0,0.000000,ca66c98415b7a3553795ee8b946d53c96ced606d02467bde8f1646922e4c9265,ca66c98415b7a3553795ee8b946d53c96ced606d02467bde8f1646922e4c9265,1.000000,1.000000
chromatic_stripes,3,75,420,opencv_quality,b69c2b5de3cb3632cf9b5515f9e1c39683a042e6a5b4dbec4d88cf551d51d820,1,0.000000,0,0.000000,17765dfb08e07b61bc846bd50deef76ed9340c955df14120d83b892e65be468c,17765dfb08e07b61bc846bd50deef76ed9340c955df14120d83b892e65be468c,1.000000,1.000000
chromatic_stripes,3,75,420,pillow_quality,b69c2b5de3cb3632cf9b5515f9e1c39683a042e6a5b4dbec4d88cf551d51d820,1,0.000000,0,0.000000,17765dfb08e07b61bc846bd50deef76ed9340c955df14120d83b892e65be468c,17765dfb08e07b61bc846bd50deef76ed9340c955df14120d83b892e65be468c,1.000000,1.000000
chromatic_stripes,3,75,420,pillow_explicit_dqt,b69c2b5de3cb3632cf9b5515f9e1c39683a042e6a5b4dbec4d88cf551d51d820,1,0.000000,0,0.000000,17765dfb08e07b61bc846bd50deef76ed9340c955df14120d83b892e65be468c,17765dfb08e07b61bc846bd50deef76ed9340c955df14120d83b892e65be468c,1.000000,1.000000
chromatic_stripes,3,75,420,pillow_optimized,f17ab304c373dfaa7a368b6ad352f09beaae0a8a55a7db722dc43cef8f9297be,1,0.000000,0,0.000000,17765dfb08e07b61bc846bd50deef76ed9340c955df14120d83b892e65be468c,17765dfb08e07b61bc846bd50deef76ed9340c955df14120d83b892e65be468c,1.000000,1.000000
chromatic_stripes,3,95,444,opencv_quality,20e72259117ba4e5f7d9484a56dae8a2e9ff81826ae9c0ff7bea295da5f2c5fa,1,0.000000,0,0.000000,db9136e08201c1884b4eba6198eecef63088c5a321d69205c466746d1eaf413f,db9136e08201c1884b4eba6198eecef63088c5a321d69205c466746d1eaf413f,1.000000,1.000000
chromatic_stripes,3,95,444,pillow_quality,20e72259117ba4e5f7d9484a56dae8a2e9ff81826ae9c0ff7bea295da5f2c5fa,1,0.000000,0,0.000000,db9136e08201c1884b4eba6198eecef63088c5a321d69205c466746d1eaf413f,db9136e08201c1884b4eba6198eecef63088c5a321d69205c466746d1eaf413f,1.000000,1.000000
chromatic_stripes,3,95,444,pillow_explicit_dqt,20e72259117ba4e5f7d9484a56dae8a2e9ff81826ae9c0ff7bea295da5f2c5fa,1,0.000000,0,0.000000,db9136e08201c1884b4eba6198eecef63088c5a321d69205c466746d1eaf413f,db9136e08201c1884b4eba6198eecef63088c5a321d69205c466746d1eaf413f,1.000000,1.000000
chromatic_stripes,3,95,444,pillow_optimized,de172e022953b258a238fb968fd8a3e658a2a39801d556f6b4913d2784129037,1,0.000000,0,0.000000,db9136e08201c1884b4eba6198eecef63088c5a321d69205c466746d1eaf413f,db9136e08201c1884b4eba6198eecef63088c5a321d69205c466746d1eaf413f,1.000000,1.000000
chromatic_stripes,3,95,420,opencv_quality,fa5ca5ce5d173e3568a7fd139ab1566658ba53f9baf476aa8b1870bf363669ea,1,0.000000,0,0.000000,674c88df43e341ddb97ef1b60ec3bc19bf2067de864b20ce88efde02a99b19ad,674c88df43e341ddb97ef1b60ec3bc19bf2067de864b20ce88efde02a99b19ad,1.000000,1.000000
chromatic_stripes,3,95,420,pillow_quality,fa5ca5ce5d173e3568a7fd139ab1566658ba53f9baf476aa8b1870bf363669ea,1,0.000000,0,0.000000,674c88df43e341ddb97ef1b60ec3bc19bf2067de864b20ce88efde02a99b19ad,674c88df43e341ddb97ef1b60ec3bc19bf2067de864b20ce88efde02a99b19ad,1.000000,1.000000
chromatic_stripes,3,95,420,pillow_explicit_dqt,fa5ca5ce5d173e3568a7fd139ab1566658ba53f9baf476aa8b1870bf363669ea,1,0.000000,0,0.000000,674c88df43e341ddb97ef1b60ec3bc19bf2067de864b20ce88efde02a99b19ad,674c88df43e341ddb97ef1b60ec3bc19bf2067de864b20ce88efde02a99b19ad,1.000000,1.000000
chromatic_stripes,3,95,420,pillow_optimized,2b5d88b7c681144602567b2d1335abfdabfcef81eb9caa00580254bf2377372d,1,0.000000,0,0.000000,674c88df43e341ddb97ef1b60ec3bc19bf2067de864b20ce88efde02a99b19ad,674c88df43e341ddb97ef1b60ec3bc19bf2067de864b20ce88efde02a99b19ad,1.000000,1.000000
colored_targets,0,50,444,opencv_quality,0b90855b0b00d95430922447244c0ef308bee3759b8470774833a040a04bff30,1,0.000000,0,0.000000,4949c7ff071480bb5952f97d8e3880d0b066f3728b9dc6aa0b02e3905e48d17c,4949c7ff071480bb5952f97d8e3880d0b066f3728b9dc6aa0b02e3905e48d17c,1.000000,1.000000
colored_targets,0,50,444,pillow_quality,0b90855b0b00d95430922447244c0ef308bee3759b8470774833a040a04bff30,1,0.000000,0,0.000000,4949c7ff071480bb5952f97d8e3880d0b066f3728b9dc6aa0b02e3905e48d17c,4949c7ff071480bb5952f97d8e3880d0b066f3728b9dc6aa0b02e3905e48d17c,1.000000,1.000000
colored_targets,0,50,444,pillow_explicit_dqt,0b90855b0b00d95430922447244c0ef308bee3759b8470774833a040a04bff30,1,0.000000,0,0.000000,4949c7ff071480bb5952f97d8e3880d0b066f3728b9dc6aa0b02e3905e48d17c,4949c7ff071480bb5952f97d8e3880d0b066f3728b9dc6aa0b02e3905e48d17c,1.000000,1.000000
colored_targets,0,50,444,pillow_optimized,e0f6269e6bed83d3aeab27c1807ad05e28001d2799df62e17a391c545d1c5ddd,1,0.000000,0,0.000000,4949c7ff071480bb5952f97d8e3880d0b066f3728b9dc6aa0b02e3905e48d17c,4949c7ff071480bb5952f97d8e3880d0b066f3728b9dc6aa0b02e3905e48d17c,1.000000,1.000000
colored_targets,0,50,420,opencv_quality,62bb6dbf88a113e17ce1ad05462437ac48fc0fecfb4c904669fd0a61ce8059c8,1,0.000000,0,0.000000,23c2477d54b9dabde849b67b1a1464bd71322b315b2c560c22e9b0015a77c776,23c2477d54b9dabde849b67b1a1464bd71322b315b2c560c22e9b0015a77c776,1.000000,1.000000
colored_targets,0,50,420,pillow_quality,62bb6dbf88a113e17ce1ad05462437ac48fc0fecfb4c904669fd0a61ce8059c8,1,0.000000,0,0.000000,23c2477d54b9dabde849b67b1a1464bd71322b315b2c560c22e9b0015a77c776,23c2477d54b9dabde849b67b1a1464bd71322b315b2c560c22e9b0015a77c776,1.000000,1.000000
colored_targets,0,50,420,pillow_explicit_dqt,62bb6dbf88a113e17ce1ad05462437ac48fc0fecfb4c904669fd0a61ce8059c8,1,0.000000,0,0.000000,23c2477d54b9dabde849b67b1a1464bd71322b315b2c560c22e9b0015a77c776,23c2477d54b9dabde849b67b1a1464bd71322b315b2c560c22e9b0015a77c776,1.000000,1.000000
colored_targets,0,50,420,pillow_optimized,e7e6b6b262f79adc20a291986cedd8c217abe2328aba1192278687f6932ae40a,1,0.000000,0,0.000000,23c2477d54b9dabde849b67b1a1464bd71322b315b2c560c22e9b0015a77c776,23c2477d54b9dabde849b67b1a1464bd71322b315b2c560c22e9b0015a77c776,1.000000,1.000000
colored_targets,0,75,444,opencv_quality,29ac8c6f7e7416d3d9bdc5bac9720040e49425e5896958d7f4fda1ef54a9a622,1,0.000000,0,0.000000,900e74ff7503d0f8269567ff0f696dd617e8d9d5f6611d8de7267123492de73d,900e74ff7503d0f8269567ff0f696dd617e8d9d5f6611d8de7267123492de73d,1.000000,1.000000
colored_targets,0,75,444,pillow_quality,29ac8c6f7e7416d3d9bdc5bac9720040e49425e5896958d7f4fda1ef54a9a622,1,0.000000,0,0.000000,900e74ff7503d0f8269567ff0f696dd617e8d9d5f6611d8de7267123492de73d,900e74ff7503d0f8269567ff0f696dd617e8d9d5f6611d8de7267123492de73d,1.000000,1.000000
colored_targets,0,75,444,pillow_explicit_dqt,29ac8c6f7e7416d3d9bdc5bac9720040e49425e5896958d7f4fda1ef54a9a622,1,0.000000,0,0.000000,900e74ff7503d0f8269567ff0f696dd617e8d9d5f6611d8de7267123492de73d,900e74ff7503d0f8269567ff0f696dd617e8d9d5f6611d8de7267123492de73d,1.000000,1.000000
colored_targets,0,75,444,pillow_optimized,d04df430815ac34586a8a2c64aab4cedf261b5ed637ea9d37c6ff6eead3b8d2e,1,0.000000,0,0.000000,900e74ff7503d0f8269567ff0f696dd617e8d9d5f6611d8de7267123492de73d,900e74ff7503d0f8269567ff0f696dd617e8d9d5f6611d8de7267123492de73d,1.000000,1.000000
colored_targets,0,75,420,opencv_quality,6a93c2e68032c9f957ac11716e88ece6e136bbb1665b0f3d964a1babb02e6834,1,0.000000,0,0.000000,6b56c8f5302a3e25d75f40f4da2da4add0ebd53a1a6892f91119d1d100e75ef0,6b56c8f5302a3e25d75f40f4da2da4add0ebd53a1a6892f91119d1d100e75ef0,1.000000,1.000000
colored_targets,0,75,420,pillow_quality,6a93c2e68032c9f957ac11716e88ece6e136bbb1665b0f3d964a1babb02e6834,1,0.000000,0,0.000000,6b56c8f5302a3e25d75f40f4da2da4add0ebd53a1a6892f91119d1d100e75ef0,6b56c8f5302a3e25d75f40f4da2da4add0ebd53a1a6892f91119d1d100e75ef0,1.000000,1.000000
colored_targets,0,75,420,pillow_explicit_dqt,6a93c2e68032c9f957ac11716e88ece6e136bbb1665b0f3d964a1babb02e6834,1,0.000000,0,0.000000,6b56c8f5302a3e25d75f40f4da2da4add0ebd53a1a6892f91119d1d100e75ef0,6b56c8f5302a3e25d75f40f4da2da4add0ebd53a1a6892f91119d1d100e75ef0,1.000000,1.000000
colored_targets,0,75,420,pillow_optimized,af37520fcd8a7c905423b075b6dc1eae9b1338f818ef8413a91cc49f2c1668a8,1,0.000000,0,0.000000,6b56c8f5302a3e25d75f40f4da2da4add0ebd53a1a6892f91119d1d100e75ef0,6b56c8f5302a3e25d75f40f4da2da4add0ebd53a1a6892f91119d1d100e75ef0,1.000000,1.000000
colored_targets,0,95,444,opencv_quality,88834d6be42ddf6cc1e195ac89b732ac41bf42a4d8ef87386879ea3674a7716d,1,0.000000,0,0.000000,297d45bbb37db95859ef3defb68f03d968a1eb0cbfaa2e8a409a8b4f47ebe42e,297d45bbb37db95859ef3defb68f03d968a1eb0cbfaa2e8a409a8b4f47ebe42e,1.000000,1.000000
colored_targets,0,95,444,pillow_quality,88834d6be42ddf6cc1e195ac89b732ac41bf42a4d8ef87386879ea3674a7716d,1,0.000000,0,0.000000,297d45bbb37db95859ef3defb68f03d968a1eb0cbfaa2e8a409a8b4f47ebe42e,297d45bbb37db95859ef3defb68f03d968a1eb0cbfaa2e8a409a8b4f47ebe42e,1.000000,1.000000
colored_targets,0,95,444,pillow_explicit_dqt,88834d6be42ddf6cc1e195ac89b732ac41bf42a4d8ef87386879ea3674a7716d,1,0.000000,0,0.000000,297d45bbb37db95859ef3defb68f03d968a1eb0cbfaa2e8a409a8b4f47ebe42e,297d45bbb37db95859ef3defb68f03d968a1eb0cbfaa2e8a409a8b4f47ebe42e,1.000000,1.000000
colored_targets,0,95,444,pillow_optimized,fe18a87e9c1f216ce88603f6a9d72c5fd0f9e154ef23bfd661af1d1954b88c4c,1,0.000000,0,0.000000,297d45bbb37db95859ef3defb68f03d968a1eb0cbfaa2e8a409a8b4f47ebe42e,297d45bbb37db95859ef3defb68f03d968a1eb0cbfaa2e8a409a8b4f47ebe42e,1.000000,1.000000
colored_targets,0,95,420,opencv_quality,d5c75e5803a80517a78c45014c450de6bbf91d7858437fd54b33d4c564e2b9e8,1,0.000000,0,0.000000,b98897bf74391738f07e7f4fabdb26ca1e88e5522d75f84b6ed9f914661351ff,b98897bf74391738f07e7f4fabdb26ca1e88e5522d75f84b6ed9f914661351ff,1.000000,1.000000
colored_targets,0,95,420,pillow_quality,d5c75e5803a80517a78c45014c450de6bbf91d7858437fd54b33d4c564e2b9e8,1,0.000000,0,0.000000,b98897bf74391738f07e7f4fabdb26ca1e88e5522d75f84b6ed9f914661351ff,b98897bf74391738f07e7f4fabdb26ca1e88e5522d75f84b6ed9f914661351ff,1.000000,1.000000
colored_targets,0,95,420,pillow_explicit_dqt,d5c75e5803a80517a78c45014c450de6bbf91d7858437fd54b33d4c564e2b9e8,1,0.000000,0,0.000000,b98897bf74391738f07e7f4fabdb26ca1e88e5522d75f84b6ed9f914661351ff,b98897bf74391738f07e7f4fabdb26ca1e88e5522d75f84b6ed9f914661351ff,1.000000,1.000000
colored_targets,0,95,420,pillow_optimized,7dc9f262a5adc7646e8825bcb2d5e4d430b17d703a0758a7020d726ceb54e5da,1,0.000000,0,0.000000,b98897bf74391738f07e7f4fabdb26ca1e88e5522d75f84b6ed9f914661351ff,b98897bf74391738f07e7f4fabdb26ca1e88e5522d75f84b6ed9f914661351ff,1.000000,1.000000
colored_targets,1,50,444,opencv_quality,1d7039a1a51ff5633dd80f94e92d3fc3236f70ef2de00785630a36753c830764,1,0.000000,0,0.000000,576ac25a65867a594d89efd08a40d9099dfc24c0c5dd033bbeab6ddd6ef2eee7,576ac25a65867a594d89efd08a40d9099dfc24c0c5dd033bbeab6ddd6ef2eee7,1.000000,1.000000
colored_targets,1,50,444,pillow_quality,1d7039a1a51ff5633dd80f94e92d3fc3236f70ef2de00785630a36753c830764,1,0.000000,0,0.000000,576ac25a65867a594d89efd08a40d9099dfc24c0c5dd033bbeab6ddd6ef2eee7,576ac25a65867a594d89efd08a40d9099dfc24c0c5dd033bbeab6ddd6ef2eee7,1.000000,1.000000
colored_targets,1,50,444,pillow_explicit_dqt,1d7039a1a51ff5633dd80f94e92d3fc3236f70ef2de00785630a36753c830764,1,0.000000,0,0.000000,576ac25a65867a594d89efd08a40d9099dfc24c0c5dd033bbeab6ddd6ef2eee7,576ac25a65867a594d89efd08a40d9099dfc24c0c5dd033bbeab6ddd6ef2eee7,1.000000,1.000000
colored_targets,1,50,444,pillow_optimized,9b7040f24f25969746ab687f1dcb69f56fc6a18f5a20405ecc211a0f79fd8609,1,0.000000,0,0.000000,576ac25a65867a594d89efd08a40d9099dfc24c0c5dd033bbeab6ddd6ef2eee7,576ac25a65867a594d89efd08a40d9099dfc24c0c5dd033bbeab6ddd6ef2eee7,1.000000,1.000000
colored_targets,1,50,420,opencv_quality,7b56214539d52a44d48ced8eaa21644b62661104300a9eb14168f710fadec4f5,1,0.000000,0,0.000000,f2bcea80975344c50897a198ceb04dc62089fd857829682af24ed078c9269fc2,f2bcea80975344c50897a198ceb04dc62089fd857829682af24ed078c9269fc2,1.000000,1.000000
colored_targets,1,50,420,pillow_quality,7b56214539d52a44d48ced8eaa21644b62661104300a9eb14168f710fadec4f5,1,0.000000,0,0.000000,f2bcea80975344c50897a198ceb04dc62089fd857829682af24ed078c9269fc2,f2bcea80975344c50897a198ceb04dc62089fd857829682af24ed078c9269fc2,1.000000,1.000000
colored_targets,1,50,420,pillow_explicit_dqt,7b56214539d52a44d48ced8eaa21644b62661104300a9eb14168f710fadec4f5,1,0.000000,0,0.000000,f2bcea80975344c50897a198ceb04dc62089fd857829682af24ed078c9269fc2,f2bcea80975344c50897a198ceb04dc62089fd857829682af24ed078c9269fc2,1.000000,1.000000
colored_targets,1,50,420,pillow_optimized,f5add738ae2839c6318f479519c5d7ab60eda5f4eeea4e85c207d45bda5cbcf8,1,0.000000,0,0.000000,f2bcea80975344c50897a198ceb04dc62089fd857829682af24ed078c9269fc2,f2bcea80975344c50897a198ceb04dc62089fd857829682af24ed078c9269fc2,1.000000,1.000000
colored_targets,1,75,444,opencv_quality,0f8a17373952ba486e03822fdfa84650c4a1649bc57195311f8e9e213a4efd53,1,0.000000,0,0.000000,654768807cef789a0eb34f133649fb74a6e8a26461d1d8b866349bc67acb06e7,654768807cef789a0eb34f133649fb74a6e8a26461d1d8b866349bc67acb06e7,1.000000,1.000000
colored_targets,1,75,444,pillow_quality,0f8a17373952ba486e03822fdfa84650c4a1649bc57195311f8e9e213a4efd53,1,0.000000,0,0.000000,654768807cef789a0eb34f133649fb74a6e8a26461d1d8b866349bc67acb06e7,654768807cef789a0eb34f133649fb74a6e8a26461d1d8b866349bc67acb06e7,1.000000,1.000000
colored_targets,1,75,444,pillow_explicit_dqt,0f8a17373952ba486e03822fdfa84650c4a1649bc57195311f8e9e213a4efd53,1,0.000000,0,0.000000,654768807cef789a0eb34f133649fb74a6e8a26461d1d8b866349bc67acb06e7,654768807cef789a0eb34f133649fb74a6e8a26461d1d8b866349bc67acb06e7,1.000000,1.000000
colored_targets,1,75,444,pillow_optimized,829c990387ed29103c691cb57f87fd20806829834d8f0f9b62ca407b22bff021,1,0.000000,0,0.000000,654768807cef789a0eb34f133649fb74a6e8a26461d1d8b866349bc67acb06e7,654768807cef789a0eb34f133649fb74a6e8a26461d1d8b866349bc67acb06e7,1.000000,1.000000
colored_targets,1,75,420,opencv_quality,47cfd77c4ae5fba4674bbd86f91df1e29d2bf48cf0bb3c2a565539a61049f3de,1,0.000000,0,0.000000,edaa382e17b9314c724220872481354b41e30ff183c4fbae18b420f8eb1c9e3d,edaa382e17b9314c724220872481354b41e30ff183c4fbae18b420f8eb1c9e3d,1.000000,1.000000
colored_targets,1,75,420,pillow_quality,47cfd77c4ae5fba4674bbd86f91df1e29d2bf48cf0bb3c2a565539a61049f3de,1,0.000000,0,0.000000,edaa382e17b9314c724220872481354b41e30ff183c4fbae18b420f8eb1c9e3d,edaa382e17b9314c724220872481354b41e30ff183c4fbae18b420f8eb1c9e3d,1.000000,1.000000
colored_targets,1,75,420,pillow_explicit_dqt,47cfd77c4ae5fba4674bbd86f91df1e29d2bf48cf0bb3c2a565539a61049f3de,1,0.000000,0,0.000000,edaa382e17b9314c724220872481354b41e30ff183c4fbae18b420f8eb1c9e3d,edaa382e17b9314c724220872481354b41e30ff183c4fbae18b420f8eb1c9e3d,1.000000,1.000000
colored_targets,1,75,420,pillow_optimized,a3aa9f22a3c458ebf6ee3b12826e2e2bda3c139a72d9def6e5f0bdf15a61bf40,1,0.000000,0,0.000000,edaa382e17b9314c724220872481354b41e30ff183c4fbae18b420f8eb1c9e3d,edaa382e17b9314c724220872481354b41e30ff183c4fbae18b420f8eb1c9e3d,1.000000,1.000000
colored_targets,1,95,444,opencv_quality,a4f408e4c96a6e2b0931238120fa938ffb681b414899acf899ce2bb948458bfd,1,0.000000,0,0.000000,09528ab47c3f58d7952cc57624f69a3261bc9e3a3747c64edfc4a506b44a0b7f,09528ab47c3f58d7952cc57624f69a3261bc9e3a3747c64edfc4a506b44a0b7f,1.000000,1.000000
colored_targets,1,95,444,pillow_quality,a4f408e4c96a6e2b0931238120fa938ffb681b414899acf899ce2bb948458bfd,1,0.000000,0,0.000000,09528ab47c3f58d7952cc57624f69a3261bc9e3a3747c64edfc4a506b44a0b7f,09528ab47c3f58d7952cc57624f69a3261bc9e3a3747c64edfc4a506b44a0b7f,1.000000,1.000000
colored_targets,1,95,444,pillow_explicit_dqt,a4f408e4c96a6e2b0931238120fa938ffb681b414899acf899ce2bb948458bfd,1,0.000000,0,0.000000,09528ab47c3f58d7952cc57624f69a3261bc9e3a3747c64edfc4a506b44a0b7f,09528ab47c3f58d7952cc57624f69a3261bc9e3a3747c64edfc4a506b44a0b7f,1.000000,1.000000
colored_targets,1,95,444,pillow_optimized,49b5fb94f5bb8333b7c0db1a416806c05fe5e08e9eb134c5e50c85748b8adf89,1,0.000000,0,0.000000,09528ab47c3f58d7952cc57624f69a3261bc9e3a3747c64edfc4a506b44a0b7f,09528ab47c3f58d7952cc57624f69a3261bc9e3a3747c64edfc4a506b44a0b7f,1.000000,1.000000
colored_targets,1,95,420,opencv_quality,52f0676d7e9ae8d4f799606ef2947dd8602fe324dc45e1d9b96b25e6f50e1f36,1,0.000000,0,0.000000,a1a0f8a9bb652095167720973d5c9130cb42e4e6095199d8f7ba92ac7de313cc,a1a0f8a9bb652095167720973d5c9130cb42e4e6095199d8f7ba92ac7de313cc,1.000000,1.000000
colored_targets,1,95,420,pillow_quality,52f0676d7e9ae8d4f799606ef2947dd8602fe324dc45e1d9b96b25e6f50e1f36,1,0.000000,0,0.000000,a1a0f8a9bb652095167720973d5c9130cb42e4e6095199d8f7ba92ac7de313cc,a1a0f8a9bb652095167720973d5c9130cb42e4e6095199d8f7ba92ac7de313cc,1.000000,1.000000
colored_targets,1,95,420,pillow_explicit_dqt,52f0676d7e9ae8d4f799606ef2947dd8602fe324dc45e1d9b96b25e6f50e1f36,1,0.000000,0,0.000000,a1a0f8a9bb652095167720973d5c9130cb42e4e6095199d8f7ba92ac7de313cc,a1a0f8a9bb652095167720973d5c9130cb42e4e6095199d8f7ba92ac7de313cc,1.000000,1.000000
colored_targets,1,95,420,pillow_optimized,ede1160abe5d3f596d36f1f78112e23afa3c3e0e954ee8e5ef3d59e706a545a0,1,0.000000,0,0.000000,a1a0f8a9bb652095167720973d5c9130cb42e4e6095199d8f7ba92ac7de313cc,a1a0f8a9bb652095167720973d5c9130cb42e4e6095199d8f7ba92ac7de313cc,1.000000,1.000000
colored_targets,2,50,444,opencv_quality,4dd45662f2256492d8091607617deb21e008783b60053753386be5175c2e54ec,1,0.000000,0,0.000000,1cb6aa5c1a6484059335a745a800a322efb876ab13322b432f38394fe62ad774,1cb6aa5c1a6484059335a745a800a322efb876ab13322b432f38394fe62ad774,1.000000,1.000000
colored_targets,2,50,444,pillow_quality,4dd45662f2256492d8091607617deb21e008783b60053753386be5175c2e54ec,1,0.000000,0,0.000000,1cb6aa5c1a6484059335a745a800a322efb876ab13322b432f38394fe62ad774,1cb6aa5c1a6484059335a745a800a322efb876ab13322b432f38394fe62ad774,1.000000,1.000000
colored_targets,2,50,444,pillow_explicit_dqt,4dd45662f2256492d8091607617deb21e008783b60053753386be5175c2e54ec,1,0.000000,0,0.000000,1cb6aa5c1a6484059335a745a800a322efb876ab13322b432f38394fe62ad774,1cb6aa5c1a6484059335a745a800a322efb876ab13322b432f38394fe62ad774,1.000000,1.000000
colored_targets,2,50,444,pillow_optimized,9c66a99c74dfaca9b27443d25bc027befa6edc50ba43b31a5938d49e66872d26,1,0.000000,0,0.000000,1cb6aa5c1a6484059335a745a800a322efb876ab13322b432f38394fe62ad774,1cb6aa5c1a6484059335a745a800a322efb876ab13322b432f38394fe62ad774,1.000000,1.000000
colored_targets,2,50,420,opencv_quality,bdf7fa2d79b4ba3d37f80e9a369dae1618538fd3c9b4f1c8dfe41911879ac6f5,1,0.000000,0,0.000000,76c8db45206de2a77d51722e9627bbaa2debd5ff46032d0d99f259ccf507e2c3,76c8db45206de2a77d51722e9627bbaa2debd5ff46032d0d99f259ccf507e2c3,1.000000,1.000000
colored_targets,2,50,420,pillow_quality,bdf7fa2d79b4ba3d37f80e9a369dae1618538fd3c9b4f1c8dfe41911879ac6f5,1,0.000000,0,0.000000,76c8db45206de2a77d51722e9627bbaa2debd5ff46032d0d99f259ccf507e2c3,76c8db45206de2a77d51722e9627bbaa2debd5ff46032d0d99f259ccf507e2c3,1.000000,1.000000
colored_targets,2,50,420,pillow_explicit_dqt,bdf7fa2d79b4ba3d37f80e9a369dae1618538fd3c9b4f1c8dfe41911879ac6f5,1,0.000000,0,0.000000,76c8db45206de2a77d51722e9627bbaa2debd5ff46032d0d99f259ccf507e2c3,76c8db45206de2a77d51722e9627bbaa2debd5ff46032d0d99f259ccf507e2c3,1.000000,1.000000
colored_targets,2,50,420,pillow_optimized,828f2b2749b31b333770a3a87ae7cd3efb6cb1b9515b2fe579d3a083727daf12,1,0.000000,0,0.000000,76c8db45206de2a77d51722e9627bbaa2debd5ff46032d0d99f259ccf507e2c3,76c8db45206de2a77d51722e9627bbaa2debd5ff46032d0d99f259ccf507e2c3,1.000000,1.000000
colored_targets,2,75,444,opencv_quality,c61aa2b9c2307a42117c516972f5981f99c9e073cbfbb1c7265af4fab8f56d08,1,0.000000,0,0.000000,366a9028873c68906b353eedaec4c3030659e6f07f20273668f97b6f31ceac33,366a9028873c68906b353eedaec4c3030659e6f07f20273668f97b6f31ceac33,1.000000,1.000000
colored_targets,2,75,444,pillow_quality,c61aa2b9c2307a42117c516972f5981f99c9e073cbfbb1c7265af4fab8f56d08,1,0.000000,0,0.000000,366a9028873c68906b353eedaec4c3030659e6f07f20273668f97b6f31ceac33,366a9028873c68906b353eedaec4c3030659e6f07f20273668f97b6f31ceac33,1.000000,1.000000
colored_targets,2,75,444,pillow_explicit_dqt,c61aa2b9c2307a42117c516972f5981f99c9e073cbfbb1c7265af4fab8f56d08,1,0.000000,0,0.000000,366a9028873c68906b353eedaec4c3030659e6f07f20273668f97b6f31ceac33,366a9028873c68906b353eedaec4c3030659e6f07f20273668f97b6f31ceac33,1.000000,1.000000
colored_targets,2,75,444,pillow_optimized,3a519f2077faacd9d4d5489341443bf932c49049f449582a6fd113d77b29f0c4,1,0.000000,0,0.000000,366a9028873c68906b353eedaec4c3030659e6f07f20273668f97b6f31ceac33,366a9028873c68906b353eedaec4c3030659e6f07f20273668f97b6f31ceac33,1.000000,1.000000
colored_targets,2,75,420,opencv_quality,46d8ab3353c589683dd0ea81234bdc06f41c03b252366e2276651f9dde33a737,1,0.000000,0,0.000000,dc8033c681606254a5f35bda1e298e936ea45a2d726d1cc2e6f44aac257766e1,dc8033c681606254a5f35bda1e298e936ea45a2d726d1cc2e6f44aac257766e1,1.000000,1.000000
colored_targets,2,75,420,pillow_quality,46d8ab3353c589683dd0ea81234bdc06f41c03b252366e2276651f9dde33a737,1,0.000000,0,0.000000,dc8033c681606254a5f35bda1e298e936ea45a2d726d1cc2e6f44aac257766e1,dc8033c681606254a5f35bda1e298e936ea45a2d726d1cc2e6f44aac257766e1,1.000000,1.000000
colored_targets,2,75,420,pillow_explicit_dqt,46d8ab3353c589683dd0ea81234bdc06f41c03b252366e2276651f9dde33a737,1,0.000000,0,0.000000,dc8033c681606254a5f35bda1e298e936ea45a2d726d1cc2e6f44aac257766e1,dc8033c681606254a5f35bda1e298e936ea45a2d726d1cc2e6f44aac257766e1,1.000000,1.000000
colored_targets,2,75,420,pillow_optimized,df00563255612df4aa4c7657e060aa32a90e154d6f5dee99b29201ef3a5f9d12,1,0.000000,0,0.000000,dc8033c681606254a5f35bda1e298e936ea45a2d726d1cc2e6f44aac257766e1,dc8033c681606254a5f35bda1e298e936ea45a2d726d1cc2e6f44aac257766e1,1.000000,1.000000
colored_targets,2,95,444,opencv_quality,1ccb6b8700e24f8f1a0a4bd0857cb4da6ee0417aae6aaf1dfdbf998426ac8e37,1,0.000000,0,0.000000,5a9d60230b8cda14e92f0f005ee463a2bdb5a7e0b40fe785b9d6ab6403f2907e,5a9d60230b8cda14e92f0f005ee463a2bdb5a7e0b40fe785b9d6ab6403f2907e,1.000000,1.000000
colored_targets,2,95,444,pillow_quality,1ccb6b8700e24f8f1a0a4bd0857cb4da6ee0417aae6aaf1dfdbf998426ac8e37,1,0.000000,0,0.000000,5a9d60230b8cda14e92f0f005ee463a2bdb5a7e0b40fe785b9d6ab6403f2907e,5a9d60230b8cda14e92f0f005ee463a2bdb5a7e0b40fe785b9d6ab6403f2907e,1.000000,1.000000
colored_targets,2,95,444,pillow_explicit_dqt,1ccb6b8700e24f8f1a0a4bd0857cb4da6ee0417aae6aaf1dfdbf998426ac8e37,1,0.000000,0,0.000000,5a9d60230b8cda14e92f0f005ee463a2bdb5a7e0b40fe785b9d6ab6403f2907e,5a9d60230b8cda14e92f0f005ee463a2bdb5a7e0b40fe785b9d6ab6403f2907e,1.000000,1.000000
colored_targets,2,95,444,pillow_optimized,f029c8b8a9b46051a4b1e7fc3631244f1b0609b6550affbbdfb3549e0a9e9910,1,0.000000,0,0.000000,5a9d60230b8cda14e92f0f005ee463a2bdb5a7e0b40fe785b9d6ab6403f2907e,5a9d60230b8cda14e92f0f005ee463a2bdb5a7e0b40fe785b9d6ab6403f2907e,1.000000,1.000000
colored_targets,2,95,420,opencv_quality,20b7c299fcab58d2a8880c6480d4afb19c2867b74310dae900ad62eaca0f42ca,1,0.000000,0,0.000000,6933758d2d0c78296df7d824a11b7d0f40892be149d42ed40da19760c6320117,6933758d2d0c78296df7d824a11b7d0f40892be149d42ed40da19760c6320117,1.000000,1.000000
colored_targets,2,95,420,pillow_quality,20b7c299fcab58d2a8880c6480d4afb19c2867b74310dae900ad62eaca0f42ca,1,0.000000,0,0.000000,6933758d2d0c78296df7d824a11b7d0f40892be149d42ed40da19760c6320117,6933758d2d0c78296df7d824a11b7d0f40892be149d42ed40da19760c6320117,1.000000,1.000000
colored_targets,2,95,420,pillow_explicit_dqt,20b7c299fcab58d2a8880c6480d4afb19c2867b74310dae900ad62eaca0f42ca,1,0.000000,0,0.000000,6933758d2d0c78296df7d824a11b7d0f40892be149d42ed40da19760c6320117,6933758d2d0c78296df7d824a11b7d0f40892be149d42ed40da19760c6320117,1.000000,1.000000
colored_targets,2,95,420,pillow_optimized,14a7def5719f9a4edd094d5cec1e18f6b823bcf93fa61d3f672d9e903648ca5c,1,0.000000,0,0.000000,6933758d2d0c78296df7d824a11b7d0f40892be149d42ed40da19760c6320117,6933758d2d0c78296df7d824a11b7d0f40892be149d42ed40da19760c6320117,1.000000,1.000000
colored_targets,3,50,444,opencv_quality,ebe405fe28af0f9a6a6dce157d9d4d1aead339cd3ac276b09691aab8cc664d5a,1,0.000000,0,0.000000,5074aa1f7375f3c5733e91861407154cf17f2f2afb90b66779354ffaf1851576,5074aa1f7375f3c5733e91861407154cf17f2f2afb90b66779354ffaf1851576,1.000000,1.000000
colored_targets,3,50,444,pillow_quality,ebe405fe28af0f9a6a6dce157d9d4d1aead339cd3ac276b09691aab8cc664d5a,1,0.000000,0,0.000000,5074aa1f7375f3c5733e91861407154cf17f2f2afb90b66779354ffaf1851576,5074aa1f7375f3c5733e91861407154cf17f2f2afb90b66779354ffaf1851576,1.000000,1.000000
colored_targets,3,50,444,pillow_explicit_dqt,ebe405fe28af0f9a6a6dce157d9d4d1aead339cd3ac276b09691aab8cc664d5a,1,0.000000,0,0.000000,5074aa1f7375f3c5733e91861407154cf17f2f2afb90b66779354ffaf1851576,5074aa1f7375f3c5733e91861407154cf17f2f2afb90b66779354ffaf1851576,1.000000,1.000000
colored_targets,3,50,444,pillow_optimized,74a96ea5210b1961413eb509e30806fe6ed01dbb9ab5a2998fdd72ba4519ca29,1,0.000000,0,0.000000,5074aa1f7375f3c5733e91861407154cf17f2f2afb90b66779354ffaf1851576,5074aa1f7375f3c5733e91861407154cf17f2f2afb90b66779354ffaf1851576,1.000000,1.000000
colored_targets,3,50,420,opencv_quality,7475f88ce668627f336e868a1546671907746d1158780e6c5a3b7709c6950868,1,0.000000,0,0.000000,461527cd0439214d04ed2a768bb0a96d71efce920522eb82dc274ba52ba9c6b2,461527cd0439214d04ed2a768bb0a96d71efce920522eb82dc274ba52ba9c6b2,1.000000,1.000000
colored_targets,3,50,420,pillow_quality,7475f88ce668627f336e868a1546671907746d1158780e6c5a3b7709c6950868,1,0.000000,0,0.000000,461527cd0439214d04ed2a768bb0a96d71efce920522eb82dc274ba52ba9c6b2,461527cd0439214d04ed2a768bb0a96d71efce920522eb82dc274ba52ba9c6b2,1.000000,1.000000
colored_targets,3,50,420,pillow_explicit_dqt,7475f88ce668627f336e868a1546671907746d1158780e6c5a3b7709c6950868,1,0.000000,0,0.000000,461527cd0439214d04ed2a768bb0a96d71efce920522eb82dc274ba52ba9c6b2,461527cd0439214d04ed2a768bb0a96d71efce920522eb82dc274ba52ba9c6b2,1.000000,1.000000
colored_targets,3,50,420,pillow_optimized,36716d2c5921c50af02d6993bb756d7b061f445b63849deb577ec4d18e196312,1,0.000000,0,0.000000,461527cd0439214d04ed2a768bb0a96d71efce920522eb82dc274ba52ba9c6b2,461527cd0439214d04ed2a768bb0a96d71efce920522eb82dc274ba52ba9c6b2,1.000000,1.000000
colored_targets,3,75,444,opencv_quality,537d4718bd0bead6d7ac0fbd721a6fe5c3a8608d60c996db8288539b3d04f5e3,1,0.000000,0,0.000000,280b1449c219a73a30c887d807d69335fd6413062a19900fd70dda2568a631c0,280b1449c219a73a30c887d807d69335fd6413062a19900fd70dda2568a631c0,1.000000,1.000000
colored_targets,3,75,444,pillow_quality,537d4718bd0bead6d7ac0fbd721a6fe5c3a8608d60c996db8288539b3d04f5e3,1,0.000000,0,0.000000,280b1449c219a73a30c887d807d69335fd6413062a19900fd70dda2568a631c0,280b1449c219a73a30c887d807d69335fd6413062a19900fd70dda2568a631c0,1.000000,1.000000
colored_targets,3,75,444,pillow_explicit_dqt,537d4718bd0bead6d7ac0fbd721a6fe5c3a8608d60c996db8288539b3d04f5e3,1,0.000000,0,0.000000,280b1449c219a73a30c887d807d69335fd6413062a19900fd70dda2568a631c0,280b1449c219a73a30c887d807d69335fd6413062a19900fd70dda2568a631c0,1.000000,1.000000
colored_targets,3,75,444,pillow_optimized,587514566e5bba3238cb0111e2975a26f823a9d80472253a59cb8e0448da98aa,1,0.000000,0,0.000000,280b1449c219a73a30c887d807d69335fd6413062a19900fd70dda2568a631c0,280b1449c219a73a30c887d807d69335fd6413062a19900fd70dda2568a631c0,1.000000,1.000000
colored_targets,3,75,420,opencv_quality,1b67ef2cda215c8155d6281c5929a23f041f0ba7d422a2dd5d73907906528470,1,0.000000,0,0.000000,fafdc685a4db3d9438269da75ffd4a6f9cda444d2ca8a03ff71921996150f466,fafdc685a4db3d9438269da75ffd4a6f9cda444d2ca8a03ff71921996150f466,1.000000,1.000000
colored_targets,3,75,420,pillow_quality,1b67ef2cda215c8155d6281c5929a23f041f0ba7d422a2dd5d73907906528470,1,0.000000,0,0.000000,fafdc685a4db3d9438269da75ffd4a6f9cda444d2ca8a03ff71921996150f466,fafdc685a4db3d9438269da75ffd4a6f9cda444d2ca8a03ff71921996150f466,1.000000,1.000000
colored_targets,3,75,420,pillow_explicit_dqt,1b67ef2cda215c8155d6281c5929a23f041f0ba7d422a2dd5d73907906528470,1,0.000000,0,0.000000,fafdc685a4db3d9438269da75ffd4a6f9cda444d2ca8a03ff71921996150f466,fafdc685a4db3d9438269da75ffd4a6f9cda444d2ca8a03ff71921996150f466,1.000000,1.000000
colored_targets,3,75,420,pillow_optimized,39a92c82eebdc7240c90c3968b80bb782449c4c6305b673f330acc747dd7a886,1,0.000000,0,0.000000,fafdc685a4db3d9438269da75ffd4a6f9cda444d2ca8a03ff71921996150f466,fafdc685a4db3d9438269da75ffd4a6f9cda444d2ca8a03ff71921996150f466,1.000000,1.000000
colored_targets,3,95,444,opencv_quality,3e45ac21a1acbbd7a60a2e8ea5a61f60641b1e6e50e9c706c760f44d710aee24,1,0.000000,0,0.000000,510e488ea3c525224e5989bb0a472153d047787790fa425c8172cfdac4958926,510e488ea3c525224e5989bb0a472153d047787790fa425c8172cfdac4958926,1.000000,1.000000
colored_targets,3,95,444,pillow_quality,3e45ac21a1acbbd7a60a2e8ea5a61f60641b1e6e50e9c706c760f44d710aee24,1,0.000000,0,0.000000,510e488ea3c525224e5989bb0a472153d047787790fa425c8172cfdac4958926,510e488ea3c525224e5989bb0a472153d047787790fa425c8172cfdac4958926,1.000000,1.000000
colored_targets,3,95,444,pillow_explicit_dqt,3e45ac21a1acbbd7a60a2e8ea5a61f60641b1e6e50e9c706c760f44d710aee24,1,0.000000,0,0.000000,510e488ea3c525224e5989bb0a472153d047787790fa425c8172cfdac4958926,510e488ea3c525224e5989bb0a472153d047787790fa425c8172cfdac4958926,1.000000,1.000000
colored_targets,3,95,444,pillow_optimized,32b07dbc47a52a813aea8bf057b330f2336334ab9878a7461a9f24cb68b1b133,1,0.000000,0,0.000000,510e488ea3c525224e5989bb0a472153d047787790fa425c8172cfdac4958926,510e488ea3c525224e5989bb0a472153d047787790fa425c8172cfdac4958926,1.000000,1.000000
colored_targets,3,95,420,opencv_quality,daf96b0e49791524867241317d061974e4ffb7e8846c6a1925ad5dbf9038c75d,1,0.000000,0,0.000000,59b53bbd1f4af933c6c5d4b16a157805ce9a571c3088cec7818a77357439d2dc,59b53bbd1f4af933c6c5d4b16a157805ce9a571c3088cec7818a77357439d2dc,1.000000,1.000000
colored_targets,3,95,420,pillow_quality,daf96b0e49791524867241317d061974e4ffb7e8846c6a1925ad5dbf9038c75d,1,0.000000,0,0.000000,59b53bbd1f4af933c6c5d4b16a157805ce9a571c3088cec7818a77357439d2dc,59b53bbd1f4af933c6c5d4b16a157805ce9a571c3088cec7818a77357439d2dc,1.000000,1.000000
colored_targets,3,95,420,pillow_explicit_dqt,daf96b0e49791524867241317d061974e4ffb7e8846c6a1925ad5dbf9038c75d,1,0.000000,0,0.000000,59b53bbd1f4af933c6c5d4b16a157805ce9a571c3088cec7818a77357439d2dc,59b53bbd1f4af933c6c5d4b16a157805ce9a571c3088cec7818a77357439d2dc,1.000000,1.000000
colored_targets,3,95,420,pillow_optimized,66a7104902415a0ebc8d4db71561f1be76b9796dc5a6903e7286210c2768c6c5,1,0.000000,0,0.000000,59b53bbd1f4af933c6c5d4b16a157805ce9a571c3088cec7818a77357439d2dc,59b53bbd1f4af933c6c5d4b16a157805ce9a571c3088cec7818a77357439d2dc,1.000000,1.000000
