pattern,gradient_axis_degrees,condition,blur_model,defocus_radius,motion_length,motion_angle_degrees,relative_motion_angle_degrees,noise_std,metric,trials,score_mean,score_sample_std,score_p10,score_median,score_p90,ratio_mean,ratio_sample_std,ratio_p10,ratio_median,ratio_p90
grating_0,0,identity,identity,0,,,,0,laplacian_variance,10,148.979477,0.000000,148.979477,148.979477,148.979477,1.000000,0.000000,1.000000,1.000000,1.000000
grating_0,0,identity,identity,0,,,,0,tenengrad_energy,10,56557.937500,0.000000,56557.937500,56557.937500,56557.937500,1.000000,0.000000,1.000000,1.000000,1.000000
grating_0,0,identity,identity,0,,,,5,laplacian_variance,10,653.482246,3.409831,650.783371,653.260460,658.234436,1.000000,0.000000,1.000000,1.000000,1.000000
grating_0,0,identity,identity,0,,,,5,tenengrad_energy,10,57156.435803,21.426072,57135.222335,57152.642395,57182.791812,1.000000,0.000000,1.000000,1.000000,1.000000
grating_0,0,identity,identity,0,,,,15,laplacian_variance,10,4462.540865,14.228881,4445.864665,4462.164121,4482.478198,1.000000,0.000000,1.000000,1.000000,1.000000
grating_0,0,identity,identity,0,,,,15,tenengrad_energy,10,61400.040115,100.282758,61270.676899,61398.662995,61499.303687,1.000000,0.000000,1.000000,1.000000,1.000000
grating_0,0,defocus_r1,disk_defocus,1,,,,0,laplacian_variance,10,135.905273,0.000000,135.905273,135.905273,135.905273,0.912242,0.000000,0.912242,0.912242,0.912242
grating_0,0,defocus_r1,disk_defocus,1,,,,0,tenengrad_energy,10,53213.125000,0.000000,53213.125000,53213.125000,53213.125000,0.940860,0.000000,0.940860,0.940860,0.940860
grating_0,0,defocus_r1,disk_defocus,1,,,,5,laplacian_variance,10,640.475340,3.534816,637.523052,640.198282,645.432929,0.980095,0.000414,0.979727,0.979983,0.980552
grating_0,0,defocus_r1,disk_defocus,1,,,,5,tenengrad_energy,10,53811.948608,20.667478,53791.579751,53808.752442,53837.204825,0.941485,0.000010,0.941472,0.941487,0.941496
grating_0,0,defocus_r1,disk_defocus,1,,,,15,laplacian_variance,10,4513.057365,14.261902,4497.723647,4511.483782,4531.718529,1.011320,0.000485,1.010588,1.011383,1.011807
grating_0,0,defocus_r1,disk_defocus,1,,,,15,tenengrad_energy,10,58275.072766,102.274183,58144.164203,58279.275711,58375.424652,0.949105,0.000129,0.948972,0.949130,0.949244
grating_0,0,defocus_r2,disk_defocus,2,,,,0,laplacian_variance,10,121.384521,0.000000,121.384521,121.384521,121.384521,0.814773,0.000000,0.814773,0.814773,0.814773
grating_0,0,defocus_r2,disk_defocus,2,,,,0,tenengrad_energy,10,47742.750000,0.000000,47742.750000,47742.750000,47742.750000,0.844139,0.000000,0.844139,0.844139,0.844139
grating_0,0,defocus_r2,disk_defocus,2,,,,5,laplacian_variance,10,625.942085,3.454557,623.247502,625.600725,630.822476,0.957855,0.000403,0.957551,0.957719,0.958356
grating_0,0,defocus_r2,disk_defocus,2,,,,5,tenengrad_energy,10,48341.721997,19.553202,48323.279523,48338.986268,48366.108316,0.845779,0.000028,0.845740,0.845780,0.845816
grating_0,0,defocus_r2,disk_defocus,2,,,,15,laplacian_variance,10,4564.600423,14.937141,4549.688437,4562.093617,4582.799151,1.022870,0.001045,1.021154,1.023204,1.023775
grating_0,0,defocus_r2,disk_defocus,2,,,,15,tenengrad_energy,10,53003.442151,103.345487,52870.259409,53012.206467,53106.925726,0.863247,0.000301,0.862897,0.863278,0.863587
grating_0,0,defocus_r3,disk_defocus,3,,,,0,laplacian_variance,10,98.316406,0.000000,98.316406,98.316406,98.316406,0.659933,0.000000,0.659933,0.659933,0.659933
grating_0,0,defocus_r3,disk_defocus,3,,,,0,tenengrad_energy,10,38908.625000,0.000000,38908.625000,38908.625000,38908.625000,0.687943,0.000000,0.687943,0.687943,0.687943
grating_0,0,defocus_r3,disk_defocus,3,,,,5,laplacian_variance,10,602.911265,3.516601,600.066358,602.582437,607.858422,0.922610,0.000639,0.922017,0.922423,0.923468
grating_0,0,defocus_r3,disk_defocus,3,,,,5,tenengrad_energy,10,39508.091235,17.402265,39491.610700,39506.026733,39528.425418,0.691227,0.000050,0.691170,0.691219,0.691269
grating_0,0,defocus_r3,disk_defocus,3,,,,15,laplacian_variance,10,4589.125396,15.756591,4572.068776,4588.273135,4605.685564,1.028367,0.001694,1.026029,1.028821,1.030233
grating_0,0,defocus_r3,disk_defocus,3,,,,15,tenengrad_energy,10,44290.119730,101.590616,44163.705786,44296.527389,44397.005548,0.721336,0.000511,0.720797,0.721384,0.721911
grating_0,0,defocus_r5,disk_defocus,5,,,,0,laplacian_variance,10,47.162537,0.000000,47.162537,47.162537,47.162537,0.316571,0.000000,0.316571,0.316571,0.316571
grating_0,0,defocus_r5,disk_defocus,5,,,,0,tenengrad_energy,10,18560.125000,0.000000,18560.125000,18560.125000,18560.125000,0.328161,0.000000,0.328161,0.328161,0.328161
grating_0,0,defocus_r5,disk_defocus,5,,,,5,laplacian_variance,10,551.743991,3.522122,548.840762,551.567982,556.653525,0.844309,0.001027,0.843353,0.844156,0.845677
grating_0,0,defocus_r5,disk_defocus,5,,,,5,tenengrad_energy,10,19160.268066,12.420218,19148.756916,19157.995972,19174.032147,0.335225,0.000095,0.335136,0.335203,0.335353
grating_0,0,defocus_r5,disk_defocus,5,,,,15,laplacian_variance,10,4549.978542,16.454609,4532.018174,4547.530763,4567.073038,1.019594,0.001922,1.017229,1.019691,1.021832
grating_0,0,defocus_r5,disk_defocus,5,,,,15,tenengrad_energy,10,23958.943582,81.198155,23864.670935,23959.884201,24046.537073,0.390210,0.000705,0.389496,0.390235,0.391005
grating_0,0,motion_l5_a0,linear_motion,,5,0,0,0,laplacian_variance,10,113.015121,0.000000,113.015121,113.015121,113.015121,0.758595,0.000000,0.758595,0.758595,0.758595
grating_0,0,motion_l5_a0,linear_motion,,5,0,0,0,tenengrad_energy,10,44476.562500,0.000000,44476.562500,44476.562500,44476.562500,0.786389,0.000000,0.786389,0.786389,0.786389
grating_0,0,motion_l5_a0,linear_motion,,5,0,0,5,laplacian_variance,10,617.557295,3.439503,614.788836,617.191077,622.445574,0.945024,0.000467,0.944621,0.944793,0.945638
grating_0,0,motion_l5_a0,linear_motion,,5,0,0,5,tenengrad_energy,10,45075.641113,18.899463,45057.845746,45072.642822,45098.167129,0.788636,0.000037,0.788589,0.788635,0.788667
grating_0,0,motion_l5_a0,linear_motion,,5,0,0,15,laplacian_variance,10,4581.672033,15.194819,4565.423927,4580.025674,4598.006249,1.026696,0.001361,1.024635,1.027067,1.027910
grating_0,0,motion_l5_a0,linear_motion,,5,0,0,15,tenengrad_energy,10,49806.877588,105.116537,49673.346036,49817.729782,49916.255402,0.811186,0.000427,0.810720,0.811202,0.811662
grating_0,0,motion_l5_a45,linear_motion,,5,45,45,0,laplacian_variance,10,125.587646,0.000000,125.587646,125.587646,125.587646,0.842986,0.000000,0.842986,0.842986,0.842986
grating_0,0,motion_l5_a45,linear_motion,,5,45,45,0,tenengrad_energy,10,49408.000000,0.000000,49408.000000,49408.000000,49408.000000,0.873582,0.000000,0.873582,0.873582,0.873582
grating_0,0,motion_l5_a45,linear_motion,,5,45,45,5,laplacian_variance,10,630.131932,3.457607,627.266594,629.877122,635.008169,0.964267,0.000366,0.963861,0.964205,0.964714
grating_0,0,motion_l5_a45,linear_motion,,5,45,45,5,tenengrad_energy,10,50006.978381,19.978877,49988.215265,50003.635559,50031.604471,0.874914,0.000025,0.874890,0.874915,0.874942
grating_0,0,motion_l5_a45,linear_motion,,5,45,45,15,laplacian_variance,10,4550.782076,14.782033,4535.842114,4548.237150,4569.363412,1.019774,0.000874,1.018335,1.020097,1.020559
grating_0,0,motion_l5_a45,linear_motion,,5,45,45,15,tenengrad_energy,10,54616.114356,103.097189,54484.565543,54623.943771,54718.795532,0.889512,0.000253,0.889243,0.889523,0.889811
grating_0,0,motion_l5_a90,linear_motion,,5,90,90,0,laplacian_variance,10,148.979477,0.000000,148.979477,148.979477,148.979477,1.000000,0.000000,1.000000,1.000000,1.000000
grating_0,0,motion_l5_a90,linear_motion,,5,90,90,0,tenengrad_energy,10,56557.937500,0.000000,56557.937500,56557.937500,56557.937500,1.000000,0.000000,1.000000,1.000000,1.000000
grating_0,0,motion_l5_a90,linear_motion,,5,90,90,5,laplacian_variance,10,653.482246,3.409831,650.783371,653.260460,658.234436,1.000000,0.000000,1.000000,1.000000,1.000000
grating_0,0,motion_l5_a90,linear_motion,,5,90,90,5,tenengrad_energy,10,57156.435803,21.426072,57135.222335,57152.642395,57182.791812,1.000000,0.000000,1.000000,1.000000,1.000000
grating_0,0,motion_l5_a90,linear_motion,,5,90,90,15,laplacian_variance,10,4462.540865,14.228881,4445.864665,4462.164121,4482.478198,1.000000,0.000000,1.000000,1.000000,1.000000
grating_0,0,motion_l5_a90,linear_motion,,5,90,90,15,tenengrad_energy,10,61400.040115,100.282758,61270.676899,61398.662995,61499.303687,1.000000,0.000000,1.000000,1.000000,1.000000
grating_0,0,motion_l5_a135,linear_motion,,5,135,45,0,laplacian_variance,10,125.587646,0.000000,125.587646,125.587646,125.587646,0.842986,0.000000,0.842986,0.842986,0.842986
grating_0,0,motion_l5_a135,linear_motion,,5,135,45,0,tenengrad_energy,10,49408.000000,0.000000,49408.000000,49408.000000,49408.000000,0.873582,0.000000,0.873582,0.873582,0.873582
grating_0,0,motion_l5_a135,linear_motion,,5,135,45,5,laplacian_variance,10,630.131932,3.457607,627.266594,629.877122,635.008169,0.964267,0.000366,0.963861,0.964205,0.964714
grating_0,0,motion_l5_a135,linear_motion,,5,135,45,5,tenengrad_energy,10,50006.978381,19.978877,49988.215265,50003.635559,50031.604471,0.874914,0.000025,0.874890,0.874915,0.874942
grating_0,0,motion_l5_a135,linear_motion,,5,135,45,15,laplacian_variance,10,4550.782076,14.782033,4535.842114,4548.237150,4569.363412,1.019774,0.000874,1.018335,1.020097,1.020559
grating_0,0,motion_l5_a135,linear_motion,,5,135,45,15,tenengrad_energy,10,54616.114356,103.097189,54484.565543,54623.943771,54718.795532,0.889512,0.000253,0.889243,0.889523,0.889811
grating_0,0,motion_l9_a0,linear_motion,,9,0,0,0,laplacian_variance,10,55.232849,0.000000,55.232849,55.232849,55.232849,0.370741,0.000000,0.370741,0.370741,0.370741
grating_0,0,motion_l9_a0,linear_motion,,9,0,0,0,tenengrad_energy,10,21883.250000,0.000000,21883.250000,21883.250000,21883.250000,0.386917,0.000000,0.386917,0.386917,0.386917
grating_0,0,motion_l9_a0,linear_motion,,9,0,0,5,laplacian_variance,10,559.783448,3.512672,556.904590,559.573063,564.690360,0.856612,0.000967,0.855679,0.856421,0.857886
grating_0,0,motion_l9_a0,linear_motion,,9,0,0,5,tenengrad_energy,10,22483.051819,13.452954,22470.026252,22480.850464,22497.118717,0.393360,0.000090,0.393264,0.393340,0.393470
grating_0,0,motion_l9_a0,linear_motion,,9,0,0,15,laplacian_variance,10,4557.934067,16.372556,4539.976222,4555.572843,4574.863553,1.021377,0.001910,1.018955,1.021498,1.023595
grating_0,0,motion_l9_a0,linear_motion,,9,0,0,15,tenengrad_energy,10,27283.761783,85.643386,27181.828686,27286.727707,27376.490851,0.444360,0.000690,0.443635,0.444418,0.445151
grating_0,0,motion_l9_a45,linear_motion,,9,45,45,0,laplacian_variance,10,89.602036,0.000000,89.602036,89.602036,89.602036,0.601439,0.000000,0.601439,0.601439,0.601439
grating_0,0,motion_l9_a45,linear_motion,,9,45,45,0,tenengrad_energy,10,35440.187500,0.000000,35440.187500,35440.187500,35440.187500,0.626617,0.000000,0.626617,0.626617,0.626617
grating_0,0,motion_l9_a45,linear_motion,,9,45,45,5,laplacian_variance,10,594.157630,3.463808,591.360726,593.908351,599.040976,0.909215,0.000609,0.908619,0.909145,0.910072
grating_0,0,motion_l9_a45,linear_motion,,9,45,45,5,tenengrad_energy,10,36039.644238,16.705263,36023.669305,36036.880066,36058.595181,0.630544,0.000060,0.630475,0.630532,0.630605
grating_0,0,motion_l9_a45,linear_motion,,9,45,45,15,laplacian_variance,10,4587.144677,16.128362,4570.050294,4584.851949,4605.038106,1.027923,0.001778,1.025660,1.028348,1.029912
grating_0,0,motion_l9_a45,linear_motion,,9,45,45,15,tenengrad_energy,10,40836.121005,99.597675,40714.483960,40841.402421,40943.117712,0.665082,0.000574,0.664502,0.665103,0.665749
grating_0,0,motion_l9_a90,linear_motion,,9,90,90,0,laplacian_variance,10,148.979477,0.000000,148.979477,148.979477,148.979477,1.000000,0.000000,1.000000,1.000000,1.000000
grating_0,0,motion_l9_a90,linear_motion,,9,90,90,0,tenengrad_energy,10,56557.937500,0.000000,56557.937500,56557.937500,56557.937500,1.000000,0.000000,1.000000,1.000000,1.000000
grating_0,0,motion_l9_a90,linear_motion,,9,90,90,5,laplacian_variance,10,653.482246,3.409831,650.783371,653.260460,658.234436,1.000000,0.000000,1.000000,1.000000,1.000000
grating_0,0,motion_l9_a90,linear_motion,,9,90,90,5,tenengrad_energy,10,57156.435803,21.426072,57135.222335,57152.642395,57182.791812,1.000000,0.000000,1.000000,1.000000,1.000000
grating_0,0,motion_l9_a90,linear_motion,,9,90,90,15,laplacian_variance,10,4462.540865,14.228881,4445.864665,4462.164121,4482.478198,1.000000,0.000000,1.000000,1.000000,1.000000
grating_0,0,motion_l9_a90,linear_motion,,9,90,90,15,tenengrad_energy,10,61400.040115,100.282758,61270.676899,61398.662995,61499.303687,1.000000,0.000000,1.000000,1.000000,1.000000
grating_0,0,motion_l9_a135,linear_motion,,9,135,45,0,laplacian_variance,10,89.602036,0.000000,89.602036,89.602036,89.602036,0.601439,0.000000,0.601439,0.601439,0.601439
grating_0,0,motion_l9_a135,linear_motion,,9,135,45,0,tenengrad_energy,10,35440.187500,0.000000,35440.187500,35440.187500,35440.187500,0.626617,0.000000,0.626617,0.626617,0.626617
grating_0,0,motion_l9_a135,linear_motion,,9,135,45,5,laplacian_variance,10,594.157630,3.463808,591.360726,593.908351,599.040976,0.909215,0.000609,0.908619,0.909145,0.910072
grating_0,0,motion_l9_a135,linear_motion,,9,135,45,5,tenengrad_energy,10,36039.644238,16.705263,36023.669305,36036.880066,36058.595181,0.630544,0.000060,0.630475,0.630532,0.630605
grating_0,0,motion_l9_a135,linear_motion,,9,135,45,15,laplacian_variance,10,4587.144677,16.128362,4570.050294,4584.851949,4605.038106,1.027923,0.001778,1.025660,1.028348,1.029912
grating_0,0,motion_l9_a135,linear_motion,,9,135,45,15,tenengrad_energy,10,40836.121005,99.597675,40714.483960,40841.402421,40943.117712,0.665082,0.000574,0.664502,0.665103,0.665749
grating_0,0,motion_l15_a0,linear_motion,,15,0,0,0,laplacian_variance,10,2.675766,0.000000,2.675766,2.675766,2.675766,0.017961,0.000000,0.017961,0.017961,0.017961
grating_0,0,motion_l15_a0,linear_motion,,15,0,0,0,tenengrad_energy,10,972.812500,0.000000,972.812500,972.812500,972.812500,0.017200,0.000000,0.017200,0.017200,0.017200
grating_0,0,motion_l15_a0,linear_motion,,15,0,0,5,laplacian_variance,10,507.232583,3.526978,504.367657,506.928640,512.202624,0.776193,0.001413,0.774933,0.775948,0.778146
grating_0,0,motion_l15_a0,linear_motion,,15,0,0,5,tenengrad_energy,10,1574.161340,4.719004,1569.957446,1572.975830,1581.147125,0.027541,0.000075,0.027472,0.027519,0.027647
grating_0,0,motion_l15_a0,linear_motion,,15,0,0,15,laplacian_variance,10,4505.353413,16.467372,4487.450067,4502.725457,4522.361291,1.009594,0.001923,1.007186,1.009626,1.011976
grating_0,0,motion_l15_a0,linear_motion,,15,0,0,15,tenengrad_energy,10,6355.986746,41.262511,6308.771212,6350.217071,6400.623837,0.103517,0.000523,0.102874,0.103469,0.104043
grating_0,0,motion_l15_a45,linear_motion,,15,45,45,0,laplacian_variance,10,30.909409,0.000000,30.909409,30.909409,30.909409,0.207474,0.000000,0.207474,0.207474,0.207474
grating_0,0,motion_l15_a45,linear_motion,,15,45,45,0,tenengrad_energy,10,12224.312500,0.000000,12224.312500,12224.312500,12224.312500,0.216138,0.000000,0.216138,0.216138,0.216138
grating_0,0,motion_l15_a45,linear_motion,,15,45,45,5,laplacian_variance,10,535.461484,3.514796,532.621201,535.161813,540.425289,0.819392,0.001171,0.818320,0.819217,0.821023
grating_0,0,motion_l15_a45,linear_motion,,15,45,45,5,tenengrad_energy,10,12824.656751,10.234825,12815.288006,12823.036499,12836.510834,0.224378,0.000097,0.224289,0.224361,0.224510
grating_0,0,motion_l15_a45,linear_motion,,15,45,45,15,laplacian_variance,10,4533.576625,16.484190,4515.595858,4530.919950,4550.810317,1.015918,0.001930,1.013516,1.015953,1.018337
grating_0,0,motion_l15_a45,linear_motion,,15,45,45,15,tenengrad_energy,10,17618.863040,71.264960,17537.035364,17617.749252,17695.484826,0.286951,0.000707,0.286222,0.286940,0.287735
grating_0,0,motion_l15_a90,linear_motion,,15,90,90,0,laplacian_variance,10,148.979477,0.000000,148.979477,148.979477,148.979477,1.000000,0.000000,1.000000,1.000000,1.000000
grating_0,0,motion_l15_a90,linear_motion,,15,90,90,0,tenengrad_energy,10,56557.937500,0.000000,56557.937500,56557.937500,56557.937500,1.000000,0.000000,1.000000,1.000000,1.000000
grating_0,0,motion_l15_a90,linear_motion,,15,90,90,5,laplacian_variance,10,653.482246,3.409831,650.783371,653.260460,658.234436,1.000000,0.000000,1.000000,1.000000,1.000000
grating_0,0,motion_l15_a90,linear_motion,,15,90,90,5,tenengrad_energy,10,57156.435803,21.426072,57135.222335,57152.642395,57182.791812,1.000000,0.000000,1.000000,1.000000,1.000000
grating_0,0,motion_l15_a90,linear_motion,,15,90,90,15,laplacian_variance,10,4462.540865,14.228881,4445.864665,4462.164121,4482.478198,1.000000,0.000000,1.000000,1.000000,1.000000
grating_0,0,motion_l15_a90,linear_motion,,15,90,90,15,tenengrad_energy,10,61400.040115,100.282758,61270.676899,61398.662995,61499.303687,1.000000,0.000000,1.000000,1.000000,1.000000
grating_0,0,motion_l15_a135,linear_motion,,15,135,45,0,laplacian_variance,10,30.909409,0.000000,30.909409,30.909409,30.909409,0.207474,0.000000,0.207474,0.207474,0.207474
grating_0,0,motion_l15_a135,linear_motion,,15,135,45,0,tenengrad_energy,10,12224.312500,0.000000,12224.312500,12224.312500,12224.312500,0.216138,0.000000,0.216138,0.216138,0.216138
grating_0,0,motion_l15_a135,linear_motion,,15,135,45,5,laplacian_variance,10,535.461484,3.514796,532.621201,535.161813,540.425289,0.819392,0.001171,0.818320,0.819217,0.821023
grating_0,0,motion_l15_a135,linear_motion,,15,135,45,5,tenengrad_energy,10,12824.656751,10.234825,12815.288006,12823.036499,12836.510834,0.224378,0.000097,0.224289,0.224361,0.224510
grating_0,0,motion_l15_a135,linear_motion,,15,135,45,15,laplacian_variance,10,4533.576625,16.484190,4515.595858,4530.919950,4550.810317,1.015918,0.001930,1.013516,1.015953,1.018337
grating_0,0,motion_l15_a135,linear_motion,,15,135,45,15,tenengrad_energy,10,17618.863040,71.264960,17537.035364,17617.749252,17695.484826,0.286951,0.000707,0.286222,0.286940,0.287735
grating_45,45,identity,identity,0,,,,0,laplacian_variance,10,172.311675,0.000000,172.311675,172.311675,172.311675,1.000000,0.000000,1.000000,1.000000,1.000000
grating_45,45,identity,identity,0,,,,0,tenengrad_energy,10,55502.132477,0.000000,55502.132477,55502.132477,55502.132477,1.000000,0.000000,1.000000,1.000000,1.000000
grating_45,45,identity,identity,0,,,,5,laplacian_variance,10,675.106907,3.326487,671.607879,674.581039,679.076943,1.000000,0.000000,1.000000,1.000000,1.000000
grating_45,45,identity,identity,0,,,,5,tenengrad_energy,10,56093.114914,26.225629,56052.262348,56099.239700,56112.428452,1.000000,0.000000,1.000000,1.000000,1.000000
grating_45,45,identity,identity,0,,,,15,laplacian_variance,10,4504.313187,30.757542,4466.253947,4513.191115,4537.021862,1.000000,0.000000,1.000000,1.000000,1.000000
grating_45,45,identity,identity,0,,,,15,tenengrad_energy,10,60281.790250,120.474915,60163.457435,60263.900878,60416.275772,1.000000,0.000000,1.000000,1.000000,1.000000
grating_45,45,defocus_r1,disk_defocus,1,,,,0,laplacian_variance,10,144.852966,0.000000,144.852966,144.852966,144.852966,0.840645,0.000000,0.840645,0.840645,0.840645
grating_45,45,defocus_r1,disk_defocus,1,,,,0,tenengrad_energy,10,52035.324432,0.000000,52035.324432,52035.324432,52035.324432,0.937537,0.000000,0.937537,0.937537,0.937537
grating_45,45,defocus_r1,disk_defocus,1,,,,5,laplacian_variance,10,647.476391,3.645023,642.854150,647.499846,652.101610,0.959070,0.001241,0.957835,0.958973,0.960491
grating_45,45,defocus_r1,disk_defocus,1,,,,5,tenengrad_energy,10,52627.053244,25.056023,52588.085199,52634.183213,52644.540335,0.938209,0.000019,0.938181,0.938211,0.938229
grating_45,45,defocus_r1,disk_defocus,1,,,,15,laplacian_variance,10,4540.468544,31.599690,4497.638379,4549.357206,4576.420214,1.008026,0.000699,1.007207,1.008218,1.008786
grating_45,45,defocus_r1,disk_defocus,1,,,,15,tenengrad_energy,10,57028.332160,120.615991,56905.431528,57017.529297,57155.825375,0.946029,0.000145,0.945847,0.946026,0.946210
grating_45,45,defocus_r2,disk_defocus,2,,,,0,laplacian_variance,10,124.696625,0.000000,124.696625,124.696625,124.696625,0.723669,0.000000,0.723669,0.723669,0.723669
grating_45,45,defocus_r2,disk_defocus,2,,,,0,tenengrad_energy,10,46607.182739,0.000000,46607.182739,46607.182739,46607.182739,0.839737,0.000000,0.839737,0.839737,0.839737
grating_45,45,defocus_r2,disk_defocus,2,,,,5,laplacian_variance,10,627.163767,3.292184,623.317819,626.854366,631.925235,0.928983,0.001045,0.927657,0.928858,0.930098
grating_45,45,defocus_r2,disk_defocus,2,,,,5,tenengrad_energy,10,47199.755020,23.476768,47163.897400,47207.525315,47215.678635,0.841453,0.000039,0.841411,0.841454,0.841499
grating_45,45,defocus_r2,disk_defocus,2,,,,15,laplacian_variance,10,4586.866833,32.236406,4545.393651,4593.222660,4624.343191,1.018327,0.000962,1.017242,1.018327,1.019523
grating_45,45,defocus_r2,disk_defocus,2,,,,15,tenengrad_energy,10,51802.975732,118.827677,51677.588333,51798.962326,51918.024582,0.859347,0.000331,0.858953,0.859288,0.859816
grating_45,45,defocus_r3,disk_defocus,3,,,,0,laplacian_variance,10,99.426544,0.000000,99.426544,99.426544,99.426544,0.577016,0.000000,0.577016,0.577016,0.577016
grating_45,45,defocus_r3,disk_defocus,3,,,,0,tenengrad_energy,10,37924.673706,0.000000,37924.673706,37924.673706,37924.673706,0.683301,0.000000,0.683301,0.683301,0.683301
grating_45,45,defocus_r3,disk_defocus,3,,,,5,laplacian_variance,10,602.016281,3.231869,598.693011,601.820402,606.500311,0.891734,0.001342,0.890531,0.891589,0.893378
grating_45,45,defocus_r3,disk_defocus,3,,,,5,tenengrad_energy,10,38518.854019,20.167707,38487.254212,38526.388199,38532.190671,0.686695,0.000058,0.686629,0.686702,0.686766
grating_45,45,defocus_r3,disk_defocus,3,,,,15,laplacian_variance,10,4609.322498,32.804574,4565.993279,4616.766805,4648.991890,1.023313,0.001555,1.021516,1.023690,1.024679
grating_45,45,defocus_r3,disk_defocus,3,,,,15,tenengrad_energy,10,43245.159909,113.892255,43121.964652,43243.962692,43344.621957,0.717383,0.000553,0.716747,0.717284,0.718105
grating_45,45,defocus_r5,disk_defocus,5,,,,0,laplacian_variance,10,48.906403,0.000000,48.906403,48.906403,48.906403,0.283825,0.000000,0.283825,0.283825,0.283825
grating_45,45,defocus_r5,disk_defocus,5,,,,0,tenengrad_energy,10,18549.096466,0.000000,18549.096466,18549.096466,18549.096466,0.334205,0.000000,0.334205,0.334205,0.334205
grating_45,45,defocus_r5,disk_defocus,5,,,,5,laplacian_variance,10,551.549573,2.919514,548.780416,551.250393,555.174722,0.816980,0.000845,0.815933,0.816959,0.817936
grating_45,45,defocus_r5,disk_defocus,5,,,,5,tenengrad_energy,10,19146.823904,12.892648,19128.029278,19149.760986,19157.570926,0.341340,0.000083,0.341253,0.341351,0.341430
grating_45,45,defocus_r5,disk_defocus,5,,,,15,laplacian_variance,10,4571.535502,32.461559,4529.999365,4576.230386,4611.963286,1.014924,0.001720,1.012815,1.015114,1.016518
grating_45,45,defocus_r5,disk_defocus,5,,,,15,tenengrad_energy,10,23900.498062,93.571034,23803.502048,23901.545945,23980.569721,0.396478,0.000821,0.395647,0.396363,0.397221
grating_45,45,motion_l5_a0,linear_motion,,5,0,45,0,laplacian_variance,10,140.990127,0.000000,140.990127,140.990127,140.990127,0.818227,0.000000,0.818227,0.818227,0.818227
grating_45,45,motion_l5_a0,linear_motion,,5,0,45,0,tenengrad_energy,10,49203.179260,0.000000,49203.179260,49203.179260,49203.179260,0.886510,0.000000,0.886510,0.886510,0.886510
grating_45,45,motion_l5_a0,linear_motion,,5,0,45,5,laplacian_variance,10,643.657219,3.339401,639.940747,643.256301,647.873429,0.953414,0.000653,0.952737,0.953175,0.954202
grating_45,45,motion_l5_a0,linear_motion,,5,0,45,5,tenengrad_energy,10,49795.062558,24.446407,49757.216491,49801.854172,49813.176999,0.887722,0.000029,0.887687,0.887736,0.887751
grating_45,45,motion_l5_a0,linear_motion,,5,0,45,15,laplacian_variance,10,4573.424826,31.971092,4532.196286,4581.939093,4609.047222,1.015343,0.000818,1.014504,1.015297,1.016181
grating_45,45,motion_l5_a0,linear_motion,,5,0,45,15,tenengrad_energy,10,54312.953406,117.635504,54191.421039,54306.215241,54435.781225,0.900984,0.000212,0.900737,0.900969,0.901245
grating_45,45,motion_l5_a45,linear_motion,,5,45,0,0,laplacian_variance,10,118.677155,0.000000,118.677155,118.677155,118.677155,0.688735,0.000000,0.688735,0.688735,0.688735
grating_45,45,motion_l5_a45,linear_motion,,5,45,0,0,tenengrad_energy,10,43625.918091,0.000000,43625.918091,43625.918091,43625.918091,0.786022,0.000000,0.786022,0.786022,0.786022
grating_45,45,motion_l5_a45,linear_motion,,5,45,0,5,laplacian_variance,10,621.343042,3.049805,618.359048,620.993146,625.084167,0.920363,0.001385,0.919158,0.920049,0.922098
grating_45,45,motion_l5_a45,linear_motion,,5,45,0,5,tenengrad_energy,10,44218.619766,22.970217,44183.081488,44226.359391,44234.312546,0.788307,0.000053,0.788248,0.788315,0.788372
grating_45,45,motion_l5_a45,linear_motion,,5,45,0,15,laplacian_variance,10,4603.149425,32.003835,4561.646835,4610.283409,4640.577860,1.021942,0.001137,1.020650,1.022302,1.022824
grating_45,45,motion_l5_a45,linear_motion,,5,45,0,15,tenengrad_energy,10,48885.057086,117.075333,48758.973294,48883.558746,48998.623550,0.810942,0.000412,0.810441,0.810885,0.811582
grating_45,45,motion_l5_a90,linear_motion,,5,90,45,0,laplacian_variance,10,140.990127,0.000000,140.990127,140.990127,140.990127,0.818227,0.000000,0.818227,0.818227,0.818227
grating_45,45,motion_l5_a90,linear_motion,,5,90,45,0,tenengrad_energy,10,49203.179260,0.000000,49203.179260,49203.179260,49203.179260,0.886510,0.000000,0.886510,0.886510,0.886510
grating_45,45,motion_l5_a90,linear_motion,,5,90,45,5,laplacian_variance,10,643.762743,3.348528,640.153345,643.656966,647.378993,0.953571,0.000965,0.952321,0.953556,0.954847
grating_45,45,motion_l5_a90,linear_motion,,5,90,45,5,tenengrad_energy,10,49795.627774,24.356878,49757.132983,49804.234298,49811.622318,0.887732,0.000043,0.887690,0.887726,0.887787
grating_45,45,motion_l5_a90,linear_motion,,5,90,45,15,laplacian_variance,10,4574.035005,31.371664,4533.484052,4581.897258,4609.908218,1.015479,0.000774,1.014571,1.015662,1.016414
grating_45,45,motion_l5_a90,linear_motion,,5,90,45,15,tenengrad_energy,10,54316.464172,122.047621,54186.312476,54305.932220,54441.685126,0.901042,0.000269,0.900653,0.901039,0.901339
grating_45,45,motion_l5_a135,linear_motion,,5,135,90,0,laplacian_variance,10,144.827881,0.000000,144.827881,144.827881,144.827881,0.840500,0.000000,0.840500,0.840500,0.840500
grating_45,45,motion_l5_a135,linear_motion,,5,135,90,0,tenengrad_energy,10,54045.583710,0.000000,54045.583710,54045.583710,54045.583710,0.973757,0.000000,0.973757,0.973757,0.973757
grating_45,45,motion_l5_a135,linear_motion,,5,135,90,5,laplacian_variance,10,647.499431,2.880914,644.524534,647.136351,650.833799,0.959109,0.001354,0.957922,0.958637,0.960697
grating_45,45,motion_l5_a135,linear_motion,,5,135,90,5,tenengrad_energy,10,54637.314993,25.622675,54597.431397,54646.514847,54654.064334,0.974047,0.000035,0.974016,0.974041,0.974093
grating_45,45,motion_l5_a135,linear_motion,,5,135,90,15,laplacian_variance,10,4500.498589,30.811507,4460.969921,4508.547578,4533.144026,0.999153,0.000442,0.998620,0.999194,0.999559
grating_45,45,motion_l5_a135,linear_motion,,5,135,90,15,tenengrad_energy,10,58904.097150,120.680202,58784.657590,58890.613968,59029.739804,0.977146,0.000119,0.977024,0.977127,0.977312
grating_45,45,motion_l9_a0,linear_motion,,9,0,45,0,laplacian_variance,10,101.110123,0.000000,101.110123,101.110123,101.110123,0.586786,0.000000,0.586786,0.586786,0.586786
grating_45,45,motion_l9_a0,linear_motion,,9,0,45,0,tenengrad_energy,10,35395.694122,0.000000,35395.694122,35395.694122,35395.694122,0.637736,0.000000,0.637736,0.637736,0.637736
grating_45,45,motion_l9_a0,linear_motion,,9,0,45,5,laplacian_variance,10,603.752102,3.367742,600.058589,603.434966,608.558724,0.894304,0.001282,0.892929,0.894085,0.895468
grating_45,45,motion_l9_a0,linear_motion,,9,0,45,5,tenengrad_energy,10,35989.957602,19.756937,35959.792182,35996.543472,36004.074668,0.641611,0.000058,0.641540,0.641626,0.641672
grating_45,45,motion_l9_a0,linear_motion,,9,0,45,15,laplacian_variance,10,4615.467324,33.851844,4572.473204,4622.307716,4656.650703,1.024675,0.001467,1.023272,1.024719,1.026367
grating_45,45,motion_l9_a0,linear_motion,,9,0,45,15,tenengrad_energy,10,40726.762668,107.722873,40614.403366,40726.389938,40831.009036,0.675606,0.000505,0.675067,0.675585,0.676218
grating_45,45,motion_l9_a45,linear_motion,,9,45,0,0,laplacian_variance,10,63.348114,0.000000,63.348114,63.348114,63.348114,0.367637,0.000000,0.367637,0.367637,0.367637
grating_45,45,motion_l9_a45,linear_motion,,9,45,0,0,tenengrad_energy,10,21886.105286,0.000000,21886.105286,21886.105286,21886.105286,0.394329,0.000000,0.394329,0.394329,0.394329
grating_45,45,motion_l9_a45,linear_motion,,9,45,0,5,laplacian_variance,10,565.841107,3.042574,562.663088,565.588711,569.920974,0.838150,0.001711,0.836165,0.837811,0.839852
grating_45,45,motion_l9_a45,linear_motion,,9,45,0,5,tenengrad_energy,10,22482.489017,15.519262,22459.555725,22486.233399,22495.027316,0.400807,0.000102,0.400690,0.400829,0.400897
grating_45,45,motion_l9_a45,linear_motion,,9,45,0,15,laplacian_variance,10,4585.804565,32.305205,4543.970089,4590.537417,4623.543107,1.018092,0.001784,1.015655,1.018385,1.019746
grating_45,45,motion_l9_a45,linear_motion,,9,45,0,15,tenengrad_energy,10,27238.105875,98.332514,27131.883249,27245.508545,27318.204468,0.451845,0.000807,0.450970,0.451727,0.452768
grating_45,45,motion_l9_a90,linear_motion,,9,90,45,0,laplacian_variance,10,101.110123,0.000000,101.110123,101.110123,101.110123,0.586786,0.000000,0.586786,0.586786,0.586786
grating_45,45,motion_l9_a90,linear_motion,,9,90,45,0,tenengrad_energy,10,35395.694122,0.000000,35395.694122,35395.694122,35395.694122,0.637736,0.000000,0.637736,0.637736,0.637736
grating_45,45,motion_l9_a90,linear_motion,,9,90,45,5,laplacian_variance,10,603.897851,3.429098,600.501082,603.885527,608.400892,0.894520,0.001604,0.892069,0.894749,0.896201
grating_45,45,motion_l9_a90,linear_motion,,9,90,45,5,tenengrad_energy,10,35990.335214,19.295433,35959.646759,35996.181244,36002.676200,0.641618,0.000070,0.641539,0.641625,0.641691
grating_45,45,motion_l9_a90,linear_motion,,9,90,45,15,laplacian_variance,10,4616.146652,33.017646,4574.429854,4622.337441,4656.754990,1.024827,0.001491,1.022879,1.024993,1.026390
grating_45,45,motion_l9_a90,linear_motion,,9,90,45,15,tenengrad_energy,10,40728.589972,115.455366,40603.513656,40721.900147,40832.019241,0.675636,0.000635,0.674886,0.675596,0.676242
grating_45,45,motion_l9_a135,linear_motion,,9,135,90,0,laplacian_variance,10,141.435669,0.000000,141.435669,141.435669,141.435669,0.820813,0.000000,0.820813,0.820813,0.820813
grating_45,45,motion_l9_a135,linear_motion,,9,135,90,0,tenengrad_energy,10,53399.044464,0.000000,53399.044464,53399.044464,53399.044464,0.962108,0.000000,0.962108,0.962108,0.962108
grating_45,45,motion_l9_a135,linear_motion,,9,135,90,5,laplacian_variance,10,644.233242,3.344051,640.745430,644.415984,648.686956,0.954268,0.001199,0.952914,0.954432,0.955561
grating_45,45,motion_l9_a135,linear_motion,,9,135,90,5,tenengrad_energy,10,53991.970615,24.397538,53953.877282,54002.260849,54006.952127,0.962542,0.000051,0.962479,0.962541,0.962610
grating_45,45,motion_l9_a135,linear_motion,,9,135,90,15,laplacian_variance,10,4504.801016,32.298397,4460.661004,4513.772004,4538.366233,1.000106,0.000783,0.999396,1.000204,1.000833
grating_45,45,motion_l9_a135,linear_motion,,9,135,90,15,tenengrad_energy,10,58279.000650,119.941939,58164.093698,58264.616913,58395.915072,0.966776,0.000199,0.966517,0.966804,0.967012
grating_45,45,motion_l15_a0,linear_motion,,15,0,45,0,laplacian_variance,10,37.523849,0.000000,37.523849,37.523849,37.523849,0.217767,0.000000,0.217767,0.217767,0.217767
grating_45,45,motion_l15_a0,linear_motion,,15,0,45,0,tenengrad_energy,10,12827.078400,0.000000,12827.078400,12827.078400,12827.078400,0.231110,0.000000,0.231110,0.231110,0.231110
grating_45,45,motion_l15_a0,linear_motion,,15,0,45,5,laplacian_variance,10,540.049956,3.363919,536.168003,539.469007,544.622960,0.799943,0.001314,0.798454,0.800320,0.801181
grating_45,45,motion_l15_a0,linear_motion,,15,0,45,5,tenengrad_energy,10,13424.839884,12.525457,13408.350122,13428.634674,13437.485306,0.239331,0.000116,0.239212,0.239343,0.239477
grating_45,45,motion_l15_a0,linear_motion,,15,0,45,15,laplacian_variance,10,4560.116673,32.881661,4517.913507,4565.182437,4598.261825,1.012388,0.001683,1.010858,1.012039,1.013910
grating_45,45,motion_l15_a0,linear_motion,,15,0,45,15,tenengrad_energy,10,18181.234427,79.945749,18102.619443,18182.003861,18249.000119,0.301603,0.000766,0.300890,0.301596,0.302257
grating_45,45,motion_l15_a45,linear_motion,,15,45,0,0,laplacian_variance,10,16.311096,0.000000,16.311096,16.311096,16.311096,0.094660,0.000000,0.094660,0.094660,0.094660
grating_45,45,motion_l15_a45,linear_motion,,15,45,0,0,tenengrad_energy,10,1659.135345,0.000000,1659.135345,1659.135345,1659.135345,0.029893,0.000000,0.029893,0.029893,0.029893
grating_45,45,motion_l15_a45,linear_motion,,15,45,0,5,laplacian_variance,10,518.989020,3.043944,515.568908,518.273754,522.960658,0.768750,0.002315,0.765831,0.768975,0.771644
grating_45,45,motion_l15_a45,linear_motion,,15,45,0,5,tenengrad_energy,10,2260.439072,5.903212,2253.808673,2259.288376,2268.207633,0.040298,0.000099,0.040181,0.040290,0.040417
grating_45,45,motion_l15_a45,linear_motion,,15,45,0,15,laplacian_variance,10,4539.017893,32.223396,4496.459464,4544.664332,4575.867160,1.007705,0.001830,1.005284,1.008084,1.009167
grating_45,45,motion_l15_a45,linear_motion,,15,45,0,15,tenengrad_energy,10,7019.079349,62.807638,6955.065451,7008.949921,7082.141101,0.116437,0.000863,0.115503,0.116166,0.117380
grating_45,45,motion_l15_a90,linear_motion,,15,90,45,0,laplacian_variance,10,37.523849,0.000000,37.523849,37.523849,37.523849,0.217767,0.000000,0.217767,0.217767,0.217767
grating_45,45,motion_l15_a90,linear_motion,,15,90,45,0,tenengrad_energy,10,12827.078400,0.000000,12827.078400,12827.078400,12827.078400,0.231110,0.000000,0.231110,0.231110,0.231110
grating_45,45,motion_l15_a90,linear_motion,,15,90,45,5,laplacian_variance,10,540.102135,3.357423,536.392015,539.611541,544.258348,0.800020,0.001377,0.798570,0.800294,0.801534
grating_45,45,motion_l15_a90,linear_motion,,15,90,45,5,tenengrad_energy,10,13425.059433,10.066694,13410.646582,13426.188659,13434.841886,0.239335,0.000080,0.239230,0.239349,0.239430
grating_45,45,motion_l15_a90,linear_motion,,15,90,45,15,laplacian_variance,10,4560.400741,32.468076,4518.737364,4565.541491,4598.657203,1.012452,0.001668,1.010521,1.012322,1.013965
grating_45,45,motion_l15_a90,linear_motion,,15,90,45,15,tenengrad_energy,10,18183.159714,87.174062,18095.906735,18186.116409,18260.884479,0.301635,0.000898,0.300779,0.301488,0.302411
grating_45,45,motion_l15_a135,linear_motion,,15,135,90,0,laplacian_variance,10,143.123993,0.000000,143.123993,143.123993,143.123993,0.830611,0.000000,0.830611,0.830611,0.830611
grating_45,45,motion_l15_a135,linear_motion,,15,135,90,0,tenengrad_energy,10,52621.353973,0.000000,52621.353973,52621.353973,52621.353973,0.948096,0.000000,0.948096,0.948096,0.948096
grating_45,45,motion_l15_a135,linear_motion,,15,135,90,5,laplacian_variance,10,645.891183,3.329043,641.993474,646.175688,650.425972,0.956724,0.001117,0.955696,0.956608,0.958154
grating_45,45,motion_l15_a135,linear_motion,,15,135,90,5,tenengrad_energy,10,53214.595755,23.845816,53176.437286,53225.786896,53229.906839,0.948683,0.000071,0.948613,0.948685,0.948746
grating_45,45,motion_l15_a135,linear_motion,,15,135,90,15,laplacian_variance,10,4510.710217,33.059719,4466.021906,4519.636221,4545.884539,1.001417,0.000780,1.000810,1.001567,1.001980
grating_45,45,motion_l15_a135,linear_motion,,15,135,90,15,tenengrad_energy,10,57514.763730,119.755620,57403.286850,57496.128388,57629.322632,0.954098,0.000236,0.953842,0.954138,0.954396
grating_90,90,identity,identity,0,,,,0,laplacian_variance,10,148.981766,0.000000,148.981766,148.981766,148.981766,1.000000,0.000000,1.000000,1.000000,1.000000
grating_90,90,identity,identity,0,,,,0,tenengrad_energy,10,56557.937500,0.000000,56557.937500,56557.937500,56557.937500,1.000000,0.000000,1.000000,1.000000,1.000000
grating_90,90,identity,identity,0,,,,5,laplacian_variance,10,652.058808,3.386620,647.155047,652.808313,654.896839,1.000000,0.000000,1.000000,1.000000,1.000000
grating_90,90,identity,identity,0,,,,5,tenengrad_energy,10,57168.256448,30.348411,57130.747198,57176.343170,57195.371704,1.000000,0.000000,1.000000,1.000000,1.000000
grating_90,90,identity,identity,0,,,,15,laplacian_variance,10,4459.910330,21.091195,4439.212970,4461.204283,4479.880238,1.000000,0.000000,1.000000,1.000000,1.000000
grating_90,90,identity,identity,0,,,,15,tenengrad_energy,10,61344.565030,92.706098,61235.865756,61348.638290,61477.547409,1.000000,0.000000,1.000000,1.000000,1.000000
grating_90,90,defocus_r1,disk_defocus,1,,,,0,laplacian_variance,10,135.909088,0.000000,135.909088,135.909088,135.909088,0.912253,0.000000,0.912253,0.912253,0.912253
grating_90,90,defocus_r1,disk_defocus,1,,,,0,tenengrad_energy,10,53213.143311,0.000000,53213.143311,53213.143311,53213.143311,0.940861,0.000000,0.940861,0.940861,0.940861
grating_90,90,defocus_r1,disk_defocus,1,,,,5,laplacian_variance,10,638.991872,3.317222,634.240774,639.724631,641.988286,0.979961,0.000389,0.979569,0.979971,0.980388
grating_90,90,defocus_r1,disk_defocus,1,,,,5,tenengrad_energy,10,53823.160873,29.432313,53787.524811,53830.556976,53849.434424,0.941487,0.000018,0.941473,0.941480,0.941505
grating_90,90,defocus_r1,disk_defocus,1,,,,15,laplacian_variance,10,4510.899598,21.332430,4489.138722,4512.183133,4532.789450,1.011433,0.000265,1.011195,1.011409,1.011746
grating_90,90,defocus_r1,disk_defocus,1,,,,15,tenengrad_energy,10,58220.171521,88.971240,58116.147836,58222.279358,58344.577201,0.949068,0.000075,0.949000,0.949068,0.949124
grating_90,90,defocus_r2,disk_defocus,2,,,,0,laplacian_variance,10,121.386810,0.000000,121.386810,121.386810,121.386810,0.814776,0.000000,0.814776,0.814776,0.814776
grating_90,90,defocus_r2,disk_defocus,2,,,,0,tenengrad_energy,10,47742.750000,0.000000,47742.750000,47742.750000,47742.750000,0.844139,0.000000,0.844139,0.844139,0.844139
grating_90,90,defocus_r2,disk_defocus,2,,,,5,laplacian_variance,10,624.513982,3.272359,619.934700,625.320032,627.277094,0.957757,0.000461,0.957267,0.957850,0.958365
grating_90,90,defocus_r2,disk_defocus,2,,,,5,tenengrad_energy,10,48352.474051,28.196073,48318.848553,48358.904632,48378.029016,0.845792,0.000047,0.845749,0.845783,0.845838
grating_90,90,defocus_r2,disk_defocus,2,,,,15,laplacian_variance,10,4562.517530,21.948105,4536.839175,4564.574350,4585.471035,1.023006,0.000704,1.022282,1.023039,1.023965
grating_90,90,defocus_r2,disk_defocus,2,,,,15,tenengrad_energy,10,52951.003973,82.558746,52860.616373,52949.953796,53066.390176,0.863173,0.000196,0.862980,0.863162,0.863338
grating_90,90,defocus_r3,disk_defocus,3,,,,0,laplacian_variance,10,98.320984,0.000000,98.320984,98.320984,98.320984,0.659953,0.000000,0.659953,0.659953,0.659953
grating_90,90,defocus_r3,disk_defocus,3,,,,0,tenengrad_energy,10,38913.390625,0.000000,38913.390625,38913.390625,38913.390625,0.688027,0.000000,0.688027,0.688027,0.688027
grating_90,90,defocus_r3,disk_defocus,3,,,,5,laplacian_variance,10,601.423904,3.255171,596.868380,602.200453,604.278296,0.922345,0.000458,0.921923,0.922247,0.922958
grating_90,90,defocus_r3,disk_defocus,3,,,,5,tenengrad_energy,10,39521.741519,25.665153,39492.249768,39527.185608,39545.054883,0.691323,0.000084,0.691231,0.691321,0.691403
grating_90,90,defocus_r3,disk_defocus,3,,,,15,laplacian_variance,10,4587.534119,22.851276,4557.403732,4590.489894,4608.816883,1.028616,0.001498,1.026829,1.028497,1.030198
grating_90,90,defocus_r3,disk_defocus,3,,,,15,tenengrad_energy,10,44249.713409,73.581048,44173.303293,44247.319274,44346.477725,0.721330,0.000336,0.720978,0.721310,0.721677
grating_90,90,defocus_r5,disk_defocus,5,,,,0,laplacian_variance,10,47.160706,0.000000,47.160706,47.160706,47.160706,0.316554,0.000000,0.316554,0.316554,0.316554
grating_90,90,defocus_r5,disk_defocus,5,,,,0,tenengrad_energy,10,18561.371582,0.000000,18561.371582,18561.371582,18561.371582,0.328183,0.000000,0.328183,0.328183,0.328183
grating_90,90,defocus_r5,disk_defocus,5,,,,5,laplacian_variance,10,550.185029,3.325025,545.439074,550.931499,553.170296,0.843763,0.000920,0.842825,0.843743,0.844722
grating_90,90,defocus_r5,disk_defocus,5,,,,5,tenengrad_energy,10,19166.799496,18.499072,19146.240014,19169.296845,19183.576923,0.335270,0.000148,0.335099,0.335267,0.335405
grating_90,90,defocus_r5,disk_defocus,5,,,,15,laplacian_variance,10,4548.167235,23.541435,4517.100643,4551.378807,4568.437533,1.019788,0.001834,1.017697,1.019446,1.021766
grating_90,90,defocus_r5,disk_defocus,5,,,,15,tenengrad_energy,10,23931.568677,55.465655,23877.002494,23925.597428,24003.127805,0.390117,0.000467,0.389573,0.390088,0.390651
grating_90,90,motion_l5_a0,linear_motion,,5,0,90,0,laplacian_variance,10,148.981766,0.000000,148.981766,148.981766,148.981766,1.000000,0.000000,1.000000,1.000000,1.000000
grating_90,90,motion_l5_a0,linear_motion,,5,0,90,0,tenengrad_energy,10,56557.937500,0.000000,56557.937500,56557.937500,56557.937500,1.000000,0.000000,1.000000,1.000000,1.000000
grating_90,90,motion_l5_a0,linear_motion,,5,0,90,5,laplacian_variance,10,652.058808,3.386620,647.155047,652.808313,654.896839,1.000000,0.000000,1.000000,1.000000,1.000000
grating_90,90,motion_l5_a0,linear_motion,,5,0,90,5,tenengrad_energy,10,57168.256448,30.348411,57130.747198,57176.343170,57195.371704,1.000000,0.000000,1.000000,1.000000,1.000000
grating_90,90,motion_l5_a0,linear_motion,,5,0,90,15,laplacian_variance,10,4459.910330,21.091195,4439.212970,4461.204283,4479.880238,1.000000,0.000000,1.000000,1.000000,1.000000
grating_90,90,motion_l5_a0,linear_motion,,5,0,90,15,tenengrad_energy,10,61344.565030,92.706098,61235.865756,61348.638290,61477.547409,1.000000,0.000000,1.000000,1.000000,1.000000
grating_90,90,motion_l5_a45,linear_motion,,5,45,45,0,laplacian_variance,10,125.589935,0.000000,125.589935,125.589935,125.589935,0.842989,0.000000,0.842989,0.842989,0.842989
grating_90,90,motion_l5_a45,linear_motion,,5,45,45,0,tenengrad_energy,10,49408.000000,0.000000,49408.000000,49408.000000,49408.000000,0.873582,0.000000,0.873582,0.873582,0.873582
grating_90,90,motion_l5_a45,linear_motion,,5,45,45,5,laplacian_variance,10,628.695965,3.275428,624.045626,629.503352,631.454091,0.964171,0.000372,0.963787,0.964125,0.964732
grating_90,90,motion_l5_a45,linear_motion,,5,45,45,5,tenengrad_energy,10,50017.672464,28.692641,49983.641547,50024.654877,50043.313916,0.874920,0.000040,0.874879,0.874918,0.874954
grating_90,90,motion_l5_a45,linear_motion,,5,45,45,15,laplacian_variance,10,4548.654497,21.453347,4525.031460,4550.465277,4571.099743,1.019898,0.000475,1.019258,1.019934,1.020488
grating_90,90,motion_l5_a45,linear_motion,,5,45,45,15,tenengrad_energy,10,54562.589420,84.622042,54467.022336,54565.076385,54678.028821,0.889445,0.000149,0.889284,0.889433,0.889595
grating_90,90,motion_l5_a90,linear_motion,,5,90,0,0,laplacian_variance,10,112.970444,0.000000,112.970444,112.970444,112.970444,0.758284,0.000000,0.758284,0.758284,0.758284
grating_90,90,motion_l5_a90,linear_motion,,5,90,0,0,tenengrad_energy,10,44465.798096,0.000000,44465.798096,44465.798096,44465.798096,0.786199,0.000000,0.786199,0.786199,0.786199
grating_90,90,motion_l5_a90,linear_motion,,5,90,0,5,laplacian_variance,10,616.041168,3.243420,611.415759,616.999413,618.698215,0.944763,0.000430,0.944264,0.944809,0.945364
grating_90,90,motion_l5_a90,linear_motion,,5,90,0,5,tenengrad_energy,10,45074.783756,26.785536,45042.927508,45081.562958,45098.693177,0.788458,0.000052,0.788414,0.788457,0.788502
grating_90,90,motion_l5_a90,linear_motion,,5,90,0,15,laplacian_variance,10,4579.836771,22.153519,4552.748316,4582.585158,4601.765800,1.026890,0.000997,1.025627,1.026931,1.028177
grating_90,90,motion_l5_a90,linear_motion,,5,90,0,15,tenengrad_energy,10,49744.900952,79.428894,49658.650229,49745.160461,49852.026663,0.810910,0.000252,0.810669,0.810889,0.811147
grating_90,90,motion_l5_a135,linear_motion,,5,135,45,0,laplacian_variance,10,125.589935,0.000000,125.589935,125.589935,125.589935,0.842989,0.000000,0.842989,0.842989,0.842989
grating_90,90,motion_l5_a135,linear_motion,,5,135,45,0,tenengrad_energy,10,49408.000000,0.000000,49408.000000,49408.000000,49408.000000,0.873582,0.000000,0.873582,0.873582,0.873582
grating_90,90,motion_l5_a135,linear_motion,,5,135,45,5,laplacian_variance,10,628.695965,3.275428,624.045626,629.503352,631.454091,0.964171,0.000372,0.963787,0.964125,0.964732
grating_90,90,motion_l5_a135,linear_motion,,5,135,45,5,tenengrad_energy,10,50017.672464,28.692641,49983.641547,50024.654877,50043.313916,0.874920,0.000040,0.874879,0.874918,0.874954
grating_90,90,motion_l5_a135,linear_motion,,5,135,45,15,laplacian_variance,10,4548.654497,21.453347,4525.031460,4550.465277,4571.099743,1.019898,0.000475,1.019258,1.019934,1.020488
grating_90,90,motion_l5_a135,linear_motion,,5,135,45,15,tenengrad_energy,10,54562.589420,84.622042,54467.022336,54565.076385,54678.028821,0.889445,0.000149,0.889284,0.889433,0.889595
grating_90,90,motion_l9_a0,linear_motion,,9,0,90,0,laplacian_variance,10,148.981766,0.000000,148.981766,148.981766,148.981766,1.000000,0.000000,1.000000,1.000000,1.000000
grating_90,90,motion_l9_a0,linear_motion,,9,0,90,0,tenengrad_energy,10,56557.937500,0.000000,56557.937500,56557.937500,56557.937500,1.000000,0.000000,1.000000,1.000000,1.000000
grating_90,90,motion_l9_a0,linear_motion,,9,0,90,5,laplacian_variance,10,652.058808,3.386620,647.155047,652.808313,654.896839,1.000000,0.000000,1.000000,1.000000,1.000000
grating_90,90,motion_l9_a0,linear_motion,,9,0,90,5,tenengrad_energy,10,57168.256448,30.348411,57130.747198,57176.343170,57195.371704,1.000000,0.000000,1.000000,1.000000,1.000000
grating_90,90,motion_l9_a0,linear_motion,,9,0,90,15,laplacian_variance,10,4459.910330,21.091195,4439.212970,4461.204283,4479.880238,1.000000,0.000000,1.000000,1.000000,1.000000
grating_90,90,motion_l9_a0,linear_motion,,9,0,90,15,tenengrad_energy,10,61344.565030,92.706098,61235.865756,61348.638290,61477.547409,1.000000,0.000000,1.000000,1.000000,1.000000
grating_90,90,motion_l9_a45,linear_motion,,9,45,45,0,laplacian_variance,10,89.604324,0.000000,89.604324,89.604324,89.604324,0.601445,0.000000,0.601445,0.601445,0.601445
grating_90,90,motion_l9_a45,linear_motion,,9,45,45,0,tenengrad_energy,10,35440.187500,0.000000,35440.187500,35440.187500,35440.187500,0.626617,0.000000,0.626617,0.626617,0.626617
grating_90,90,motion_l9_a45,linear_motion,,9,45,45,5,laplacian_variance,10,592.666068,3.270373,588.076223,593.441440,595.443738,0.908914,0.000526,0.908490,0.908788,0.909608
grating_90,90,motion_l9_a45,linear_motion,,9,45,45,5,tenengrad_energy,10,36047.951798,24.556576,36020.045733,36053.380280,36069.901441,0.630559,0.000097,0.630449,0.630564,0.630643
grating_90,90,motion_l9_a45,linear_motion,,9,45,45,15,laplacian_variance,10,4585.354906,23.104637,4554.290476,4588.773864,4605.594040,1.028127,0.001711,1.026201,1.027934,1.029908
grating_90,90,motion_l9_a45,linear_motion,,9,45,45,15,tenengrad_energy,10,40792.998926,70.565779,40720.734884,40792.261200,40882.359396,0.664981,0.000369,0.664559,0.664969,0.665389
grating_90,90,motion_l9_a90,linear_motion,,9,90,0,0,laplacian_variance,10,55.232849,0.000000,55.232849,55.232849,55.232849,0.370736,0.000000,0.370736,0.370736,0.370736
grating_90,90,motion_l9_a90,linear_motion,,9,90,0,0,tenengrad_energy,10,21883.250000,0.000000,21883.250000,21883.250000,21883.250000,0.386917,0.000000,0.386917,0.386917,0.386917
grating_90,90,motion_l9_a90,linear_motion,,9,90,0,5,laplacian_variance,10,558.272599,3.311079,553.553786,559.013271,561.251657,0.856166,0.000852,0.855365,0.856075,0.857052
grating_90,90,motion_l9_a90,linear_motion,,9,90,0,5,tenengrad_energy,10,22489.293802,19.712856,22467.692041,22492.545715,22507.021722,0.393388,0.000138,0.393231,0.393389,0.393511
grating_90,90,motion_l9_a90,linear_motion,,9,90,0,15,laplacian_variance,10,4556.174232,23.645346,4524.747838,4559.319785,4576.502597,1.021584,0.001852,1.019468,1.021240,1.023593
grating_90,90,motion_l9_a90,linear_motion,,9,90,0,15,tenengrad_energy,10,27251.998602,58.423418,27195.024752,27246.846511,27327.756876,0.444245,0.000447,0.443698,0.444212,0.444715
grating_90,90,motion_l9_a135,linear_motion,,9,135,45,0,laplacian_variance,10,89.604324,0.000000,89.604324,89.604324,89.604324,0.601445,0.000000,0.601445,0.601445,0.601445
grating_90,90,motion_l9_a135,linear_motion,,9,135,45,0,tenengrad_energy,10,35440.187500,0.000000,35440.187500,35440.187500,35440.187500,0.626617,0.000000,0.626617,0.626617,0.626617
grating_90,90,motion_l9_a135,linear_motion,,9,135,45,5,laplacian_variance,10,592.666068,3.270373,588.076223,593.441440,595.443738,0.908914,0.000526,0.908490,0.908788,0.909608
grating_90,90,motion_l9_a135,linear_motion,,9,135,45,5,tenengrad_energy,10,36047.951798,24.556576,36020.045733,36053.380280,36069.901441,0.630559,0.000097,0.630449,0.630564,0.630643
grating_90,90,motion_l9_a135,linear_motion,,9,135,45,15,laplacian_variance,10,4585.354906,23.104637,4554.290476,4588.773864,4605.594040,1.028127,0.001711,1.026201,1.027934,1.029908
grating_90,90,motion_l9_a135,linear_motion,,9,135,45,15,tenengrad_energy,10,40792.998926,70.565779,40720.734884,40792.261200,40882.359396,0.664981,0.000369,0.664559,0.664969,0.665389
grating_90,90,motion_l15_a0,linear_motion,,15,0,90,0,laplacian_variance,10,148.981766,0.000000,148.981766,148.981766,148.981766,1.000000,0.000000,1.000000,1.000000,1.000000
grating_90,90,motion_l15_a0,linear_motion,,15,0,90,0,tenengrad_energy,10,56557.937500,0.000000,56557.937500,56557.937500,56557.937500,1.000000,0.000000,1.000000,1.000000,1.000000
grating_90,90,motion_l15_a0,linear_motion,,15,0,90,5,laplacian_variance,10,652.058808,3.386620,647.155047,652.808313,654.896839,1.000000,0.000000,1.000000,1.000000,1.000000
grating_90,90,motion_l15_a0,linear_motion,,15,0,90,5,tenengrad_energy,10,57168.256448,30.348411,57130.747198,57176.343170,57195.371704,1.000000,0.000000,1.000000,1.000000,1.000000
grating_90,90,motion_l15_a0,linear_motion,,15,0,90,15,laplacian_variance,10,4459.910330,21.091195,4439.212970,4461.204283,4479.880238,1.000000,0.000000,1.000000,1.000000,1.000000
grating_90,90,motion_l15_a0,linear_motion,,15,0,90,15,tenengrad_energy,10,61344.565030,92.706098,61235.865756,61348.638290,61477.547409,1.000000,0.000000,1.000000,1.000000,1.000000
grating_90,90,motion_l15_a45,linear_motion,,15,45,45,0,laplacian_variance,10,30.909409,0.000000,30.909409,30.909409,30.909409,0.207471,0.000000,0.207471,0.207471,0.207471
grating_90,90,motion_l15_a45,linear_motion,,15,45,45,0,tenengrad_energy,10,12224.312500,0.000000,12224.312500,12224.312500,12224.312500,0.216138,0.000000,0.216138,0.216138,0.216138
grating_90,90,motion_l15_a45,linear_motion,,15,45,45,5,laplacian_variance,10,533.936525,3.262706,529.364763,534.717402,536.872503,0.818844,0.000960,0.817987,0.818720,0.819857
grating_90,90,motion_l15_a45,linear_motion,,15,45,45,5,tenengrad_energy,10,12828.698099,15.300725,12812.163733,12829.572509,12842.412226,0.224402,0.000151,0.224239,0.224386,0.224536
grating_90,90,motion_l15_a45,linear_motion,,15,45,45,15,laplacian_variance,10,4532.161931,23.565572,4501.202729,4535.752702,4552.231107,1.016200,0.001864,1.013956,1.015810,1.018146
grating_90,90,motion_l15_a45,linear_motion,,15,45,45,15,tenengrad_energy,10,17597.583685,48.641651,17550.248880,17587.865616,17662.286673,0.286864,0.000493,0.286271,0.286865,0.287419
grating_90,90,motion_l15_a90,linear_motion,,15,90,0,0,laplacian_variance,10,2.675858,0.000000,2.675858,2.675858,2.675858,0.017961,0.000000,0.017961,0.017961,0.017961
grating_90,90,motion_l15_a90,linear_motion,,15,90,0,0,tenengrad_energy,10,972.812500,0.000000,972.812500,972.812500,972.812500,0.017200,0.000000,0.017200,0.017200,0.017200
grating_90,90,motion_l15_a90,linear_motion,,15,90,0,5,laplacian_variance,10,505.692065,3.252988,501.132104,506.462762,508.710863,0.775527,0.001149,0.774361,0.775464,0.776601
grating_90,90,motion_l15_a90,linear_motion,,15,90,0,5,tenengrad_energy,10,1573.301767,6.456251,1566.716699,1572.387787,1579.153113,0.027520,0.000101,0.027421,0.027516,0.027616
grating_90,90,motion_l15_a90,linear_motion,,15,90,0,15,laplacian_variance,10,4503.842960,23.531181,4472.816405,4507.291888,4523.904271,1.009850,0.001871,1.007607,1.009457,1.011843
grating_90,90,motion_l15_a90,linear_motion,,15,90,0,15,tenengrad_energy,10,6354.236786,37.074387,6313.832977,6357.656723,6399.078626,0.103583,0.000550,0.102896,0.103507,0.104235
grating_90,90,motion_l15_a135,linear_motion,,15,135,45,0,laplacian_variance,10,30.909409,0.000000,30.909409,30.909409,30.909409,0.207471,0.000000,0.207471,0.207471,0.207471
grating_90,90,motion_l15_a135,linear_motion,,15,135,45,0,tenengrad_energy,10,12224.312500,0.000000,12224.312500,12224.312500,12224.312500,0.216138,0.000000,0.216138,0.216138,0.216138
grating_90,90,motion_l15_a135,linear_motion,,15,135,45,5,laplacian_variance,10,533.936525,3.262706,529.364763,534.717402,536.872503,0.818844,0.000960,0.817987,0.818720,0.819857
grating_90,90,motion_l15_a135,linear_motion,,15,135,45,5,tenengrad_energy,10,12828.698099,15.300725,12812.163733,12829.572509,12842.412226,0.224402,0.000151,0.224239,0.224386,0.224536
grating_90,90,motion_l15_a135,linear_motion,,15,135,45,15,laplacian_variance,10,4532.161931,23.565572,4501.202729,4535.752702,4552.231107,1.016200,0.001864,1.013956,1.015810,1.018146
grating_90,90,motion_l15_a135,linear_motion,,15,135,45,15,tenengrad_energy,10,17597.583685,48.641651,17550.248880,17587.865616,17662.286673,0.286864,0.000493,0.286271,0.286865,0.287419
grating_135,135,identity,identity,0,,,,0,laplacian_variance,10,172.483407,0.000000,172.483407,172.483407,172.483407,1.000000,0.000000,1.000000,1.000000,1.000000
grating_135,135,identity,identity,0,,,,0,tenengrad_energy,10,55523.279053,0.000000,55523.279053,55523.279053,55523.279053,1.000000,0.000000,1.000000,1.000000,1.000000
grating_135,135,identity,identity,0,,,,5,laplacian_variance,10,674.574768,2.300965,672.159759,674.666141,677.262049,1.000000,0.000000,1.000000,1.000000,1.000000
grating_135,135,identity,identity,0,,,,5,tenengrad_energy,10,56119.706986,26.247054,56095.142859,56109.114318,56153.508514,1.000000,0.000000,1.000000,1.000000,1.000000
grating_135,135,identity,identity,0,,,,15,laplacian_variance,10,4493.380035,25.372414,4457.390349,4499.178577,4514.353970,1.000000,0.000000,1.000000,1.000000,1.000000
grating_135,135,identity,identity,0,,,,15,tenengrad_energy,10,60336.982379,74.146844,60238.243317,60344.095795,60420.555436,1.000000,0.000000,1.000000,1.000000,1.000000
grating_135,135,defocus_r1,disk_defocus,1,,,,0,laplacian_variance,10,144.599590,0.000000,144.599590,144.599590,144.599590,0.838339,0.000000,0.838339,0.838339,0.838339
grating_135,135,defocus_r1,disk_defocus,1,,,,0,tenengrad_energy,10,52028.205566,0.000000,52028.205566,52028.205566,52028.205566,0.937052,0.000000,0.937052,0.937052,0.937052
grating_135,135,defocus_r1,disk_defocus,1,,,,5,laplacian_variance,10,646.548941,2.595686,643.176723,647.369045,648.735211,0.958452,0.000973,0.957579,0.958527,0.959536
grating_135,135,defocus_r1,disk_defocus,1,,,,5,tenengrad_energy,10,52625.023221,25.170375,52602.445496,52613.635742,52656.786530,0.937728,0.000018,0.937705,0.937728,0.937750
grating_135,135,defocus_r1,disk_defocus,1,,,,15,laplacian_variance,10,4528.504252,24.495273,4494.875961,4533.539849,4548.711849,1.007818,0.000567,1.007006,1.007692,1.008496
grating_135,135,defocus_r1,disk_defocus,1,,,,15,tenengrad_energy,10,57057.471311,74.921760,56960.569968,57059.700196,57143.673972,0.945647,0.000117,0.945511,0.945616,0.945765
grating_135,135,defocus_r2,disk_defocus,2,,,,0,laplacian_variance,10,124.482785,0.000000,124.482785,124.482785,124.482785,0.721709,0.000000,0.721709,0.721709,0.721709
grating_135,135,defocus_r2,disk_defocus,2,,,,0,tenengrad_energy,10,46589.524719,0.000000,46589.524719,46589.524719,46589.524719,0.839099,0.000000,0.839099,0.839099,0.839099
grating_135,135,defocus_r2,disk_defocus,2,,,,5,laplacian_variance,10,626.541980,2.244045,623.833168,627.265054,628.706477,0.928795,0.001046,0.927889,0.928571,0.929720
grating_135,135,defocus_r2,disk_defocus,2,,,,5,tenengrad_energy,10,47186.944852,23.606470,47165.516620,47175.013214,47216.785492,0.840827,0.000039,0.840774,0.840825,0.840861
grating_135,135,defocus_r2,disk_defocus,2,,,,15,laplacian_variance,10,4576.494724,25.835098,4540.094698,4581.526458,4597.669584,1.018497,0.000776,1.017606,1.018327,1.019324
grating_135,135,defocus_r2,disk_defocus,2,,,,15,tenengrad_energy,10,51823.365125,74.995517,51730.683429,51822.203873,51908.773331,0.858899,0.000231,0.858613,0.858912,0.859124
grating_135,135,defocus_r3,disk_defocus,3,,,,0,laplacian_variance,10,99.829345,0.000000,99.829345,99.829345,99.829345,0.578777,0.000000,0.578777,0.578777,0.578777
grating_135,135,defocus_r3,disk_defocus,3,,,,0,tenengrad_energy,10,37975.294312,0.000000,37975.294312,37975.294312,37975.294312,0.683953,0.000000,0.683953,0.683953,0.683953
grating_135,135,defocus_r3,disk_defocus,3,,,,5,laplacian_variance,10,602.019323,2.430153,598.834385,602.872473,604.346312,0.892442,0.001496,0.890773,0.892462,0.894163
grating_135,135,defocus_r3,disk_defocus,3,,,,5,tenengrad_energy,10,38573.145615,20.514212,38554.429840,38562.897766,38599.161798,0.687337,0.000052,0.687282,0.687319,0.687390
grating_135,135,defocus_r3,disk_defocus,3,,,,15,laplacian_variance,10,4599.896205,26.500937,4563.956835,4602.504971,4625.145449,1.023705,0.001434,1.022058,1.023869,1.025254
grating_135,135,defocus_r3,disk_defocus,3,,,,15,tenengrad_energy,10,43334.886404,72.753162,43255.635611,43334.329239,43412.455167,0.718214,0.000400,0.717671,0.718218,0.718535
grating_135,135,defocus_r5,disk_defocus,5,,,,0,laplacian_variance,10,48.601196,0.000000,48.601196,48.601196,48.601196,0.281773,0.000000,0.281773,0.281773,0.281773
grating_135,135,defocus_r5,disk_defocus,5,,,,0,tenengrad_energy,10,18567.884583,0.000000,18567.884583,18567.884583,18567.884583,0.334416,0.000000,0.334416,0.334416,0.334416
grating_135,135,defocus_r5,disk_defocus,5,,,,5,laplacian_variance,10,550.721145,2.343521,548.050604,551.308704,553.040061,0.816396,0.001305,0.815182,0.816401,0.817546
grating_135,135,defocus_r5,disk_defocus,5,,,,5,tenengrad_energy,10,19166.410733,13.509617,19153.747033,19160.752747,19183.734021,0.341527,0.000086,0.341441,0.341514,0.341633
grating_135,135,defocus_r5,disk_defocus,5,,,,15,laplacian_variance,10,4563.082758,26.110904,4526.456079,4568.300568,4585.599901,1.015513,0.001033,1.014360,1.015502,1.016692
grating_135,135,defocus_r5,disk_defocus,5,,,,15,tenengrad_energy,10,23957.774207,64.939130,23887.519897,23958.431015,24027.730014,0.397066,0.000675,0.396320,0.396956,0.397756
grating_135,135,motion_l5_a0,linear_motion,,5,0,45,0,laplacian_variance,10,141.160505,0.000000,141.160505,141.160505,141.160505,0.818400,0.000000,0.818400,0.818400,0.818400
grating_135,135,motion_l5_a0,linear_motion,,5,0,45,0,tenengrad_energy,10,49216.964050,0.000000,49216.964050,49216.964050,49216.964050,0.886420,0.000000,0.886420,0.886420,0.886420
grating_135,135,motion_l5_a0,linear_motion,,5,0,45,5,laplacian_variance,10,643.251939,2.878219,639.630301,643.674543,645.508113,0.953564,0.001397,0.952537,0.953641,0.954559
grating_135,135,motion_l5_a0,linear_motion,,5,0,45,5,tenengrad_energy,10,49814.314371,24.524345,49791.016107,49803.156311,49845.216968,0.887644,0.000034,0.887602,0.887645,0.887686
grating_135,135,motion_l5_a0,linear_motion,,5,0,45,15,laplacian_variance,10,4565.378427,25.144897,4531.325625,4570.035571,4584.911644,1.016024,0.000545,1.015524,1.015984,1.016684
grating_135,135,motion_l5_a0,linear_motion,,5,0,45,15,tenengrad_energy,10,54367.254626,75.784311,54270.299378,54367.118576,54452.615970,0.901060,0.000202,0.900845,0.901025,0.901242
grating_135,135,motion_l5_a45,linear_motion,,5,45,90,0,laplacian_variance,10,144.835749,0.000000,144.835749,144.835749,144.835749,0.839708,0.000000,0.839708,0.839708,0.839708
grating_135,135,motion_l5_a45,linear_motion,,5,45,90,0,tenengrad_energy,10,54068.181641,0.000000,54068.181641,54068.181641,54068.181641,0.973793,0.000000,0.973793,0.973793,0.973793
grating_135,135,motion_l5_a45,linear_motion,,5,45,90,5,laplacian_variance,10,646.867339,2.396542,643.794707,647.335603,649.284834,0.958925,0.000795,0.958234,0.958860,0.959982
grating_135,135,motion_l5_a45,linear_motion,,5,45,90,5,tenengrad_energy,10,54665.354153,25.767798,54641.710412,54653.215118,54697.098230,0.974085,0.000026,0.974055,0.974085,0.974116
grating_135,135,motion_l5_a45,linear_motion,,5,45,90,15,laplacian_variance,10,4488.570933,25.440489,4454.411552,4493.819112,4508.683132,0.998930,0.000296,0.998600,0.998922,0.999291
grating_135,135,motion_l5_a45,linear_motion,,5,45,90,15,tenengrad_energy,10,58959.050031,73.808270,58861.588211,58960.825303,59043.477512,0.977163,0.000081,0.977072,0.977163,0.977258
grating_135,135,motion_l5_a90,linear_motion,,5,90,45,0,laplacian_variance,10,141.160505,0.000000,141.160505,141.160505,141.160505,0.818400,0.000000,0.818400,0.818400,0.818400
grating_135,135,motion_l5_a90,linear_motion,,5,90,45,0,tenengrad_energy,10,49216.964050,0.000000,49216.964050,49216.964050,49216.964050,0.886420,0.000000,0.886420,0.886420,0.886420
grating_135,135,motion_l5_a90,linear_motion,,5,90,45,5,laplacian_variance,10,643.247639,2.626770,639.892635,644.264319,645.431288,0.953559,0.001118,0.952417,0.953570,0.954971
grating_135,135,motion_l5_a90,linear_motion,,5,90,45,5,tenengrad_energy,10,49813.821573,24.180989,49792.754693,49802.591126,49844.941247,0.887635,0.000026,0.887600,0.887645,0.887660
grating_135,135,motion_l5_a90,linear_motion,,5,90,45,15,laplacian_variance,10,4565.108228,25.710069,4528.944635,4571.020417,4584.763100,1.015963,0.000473,1.015559,1.015840,1.016541
grating_135,135,motion_l5_a90,linear_motion,,5,90,45,15,tenengrad_energy,10,54368.128082,74.150872,54277.819074,54368.475174,54454.148038,0.901075,0.000176,0.900847,0.901101,0.901252
grating_135,135,motion_l5_a135,linear_motion,,5,135,0,0,laplacian_variance,10,119.084899,0.000000,119.084899,119.084899,119.084899,0.690414,0.000000,0.690414,0.690414,0.690414
grating_135,135,motion_l5_a135,linear_motion,,5,135,0,0,tenengrad_energy,10,43607.574646,0.000000,43607.574646,43607.574646,43607.574646,0.785393,0.000000,0.785393,0.785393,0.785393
grating_135,135,motion_l5_a135,linear_motion,,5,135,0,5,laplacian_variance,10,620.974676,2.597766,617.555528,621.635395,622.954775,0.920541,0.001158,0.919440,0.920423,0.921944
grating_135,135,motion_l5_a135,linear_motion,,5,135,0,5,tenengrad_energy,10,44204.530209,22.521283,44184.790564,44193.043274,44233.586139,0.787683,0.000041,0.787630,0.787675,0.787731
grating_135,135,motion_l5_a135,linear_motion,,5,135,0,15,laplacian_variance,10,4596.432156,26.018137,4559.961071,4601.061150,4617.842449,1.022934,0.000823,1.021610,1.023025,1.023831
grating_135,135,motion_l5_a135,linear_motion,,5,135,0,15,tenengrad_energy,10,48907.877621,74.689004,48819.337857,48906.786484,48990.606210,0.810579,0.000292,0.810206,0.810597,0.810827
grating_135,135,motion_l9_a0,linear_motion,,9,0,45,0,laplacian_variance,10,100.957599,0.000000,100.957599,100.957599,100.957599,0.585318,0.000000,0.585318,0.585318,0.585318
grating_135,135,motion_l9_a0,linear_motion,,9,0,45,0,tenengrad_energy,10,35403.660706,0.000000,35403.660706,35403.660706,35403.660706,0.637636,0.000000,0.637636,0.637636,0.637636
grating_135,135,motion_l9_a0,linear_motion,,9,0,45,5,laplacian_variance,10,603.128531,2.708547,599.705637,603.540254,605.057745,0.894084,0.001282,0.892426,0.894321,0.895224
grating_135,135,motion_l9_a0,linear_motion,,9,0,45,5,tenengrad_energy,10,36002.169809,19.909112,35982.231427,35993.543640,36026.407532,0.641524,0.000065,0.641450,0.641526,0.641591
grating_135,135,motion_l9_a0,linear_motion,,9,0,45,15,laplacian_variance,10,4607.194919,24.904169,4571.674478,4612.042858,4628.431916,1.025331,0.000978,1.024075,1.025364,1.026352
grating_135,135,motion_l9_a0,linear_motion,,9,0,45,15,tenengrad_energy,10,40774.847055,71.576608,40696.788477,40773.092240,40847.694321,0.675785,0.000453,0.675274,0.675749,0.676202
grating_135,135,motion_l9_a45,linear_motion,,9,45,90,0,laplacian_variance,10,141.850946,0.000000,141.850946,141.850946,141.850946,0.822403,0.000000,0.822403,0.822403,0.822403
grating_135,135,motion_l9_a45,linear_motion,,9,45,90,0,tenengrad_energy,10,53437.982056,0.000000,53437.982056,53437.982056,53437.982056,0.962443,0.000000,0.962443,0.962443,0.962443
grating_135,135,motion_l9_a45,linear_motion,,9,45,90,5,laplacian_variance,10,644.028410,2.473862,640.979043,644.541858,646.852292,0.954717,0.000882,0.953464,0.955052,0.955467
grating_135,135,motion_l9_a45,linear_motion,,9,45,90,5,tenengrad_energy,10,54035.979385,25.867196,54011.085614,54023.979065,54067.065991,0.962870,0.000051,0.962825,0.962849,0.962919
grating_135,135,motion_l9_a45,linear_motion,,9,45,90,15,laplacian_variance,10,4492.918767,24.905548,4458.396390,4498.675815,4512.229306,0.999898,0.000422,0.999389,0.999927,1.000387
grating_135,135,motion_l9_a45,linear_motion,,9,45,90,15,tenengrad_energy,10,58354.594513,73.204189,58258.246365,58357.666641,58439.677909,0.967145,0.000165,0.966966,0.967126,0.967349
grating_135,135,motion_l9_a90,linear_motion,,9,90,45,0,laplacian_variance,10,100.957599,0.000000,100.957599,100.957599,100.957599,0.585318,0.000000,0.585318,0.585318,0.585318
grating_135,135,motion_l9_a90,linear_motion,,9,90,45,0,tenengrad_energy,10,35403.660706,0.000000,35403.660706,35403.660706,35403.660706,0.637636,0.000000,0.637636,0.637636,0.637636
grating_135,135,motion_l9_a90,linear_motion,,9,90,45,5,laplacian_variance,10,603.179827,2.482933,600.072996,604.149776,605.121661,0.894162,0.001130,0.892700,0.894440,0.895242
grating_135,135,motion_l9_a90,linear_motion,,9,90,45,5,tenengrad_energy,10,36000.319778,20.005696,35982.892877,35991.620240,36027.843030,0.641492,0.000062,0.641441,0.641462,0.641569
grating_135,135,motion_l9_a90,linear_motion,,9,90,45,15,laplacian_variance,10,4607.179221,26.250056,4568.362295,4612.523798,4631.170647,1.025326,0.001146,1.024476,1.025346,1.026240
grating_135,135,motion_l9_a90,linear_motion,,9,90,45,15,tenengrad_energy,10,40777.767923,72.173064,40698.310651,40771.076554,40856.940189,0.675833,0.000447,0.675247,0.675828,0.676251
grating_135,135,motion_l9_a135,linear_motion,,9,135,0,0,laplacian_variance,10,63.223138,0.000000,63.223138,63.223138,63.223138,0.366546,0.000000,0.366546,0.366546,0.366546
grating_135,135,motion_l9_a135,linear_motion,,9,135,0,0,tenengrad_energy,10,21868.320801,0.000000,21868.320801,21868.320801,21868.320801,0.393859,0.000000,0.393859,0.393859,0.393859
grating_135,135,motion_l9_a135,linear_motion,,9,135,0,5,laplacian_variance,10,565.181501,2.670083,561.863362,565.988991,567.725547,0.837831,0.001609,0.836485,0.838170,0.839222
grating_135,135,motion_l9_a135,linear_motion,,9,135,0,5,tenengrad_energy,10,22466.108505,13.913222,22455.451630,22457.205109,22484.813458,0.400325,0.000071,0.400243,0.400309,0.400408
grating_135,135,motion_l9_a135,linear_motion,,9,135,0,15,laplacian_variance,10,4577.297887,26.922460,4538.798929,4582.504887,4601.465155,1.018675,0.001134,1.017147,1.018643,1.019962
grating_135,135,motion_l9_a135,linear_motion,,9,135,0,15,tenengrad_energy,10,27255.990323,65.461944,27183.680746,27261.122483,27328.327212,0.451729,0.000605,0.451007,0.451657,0.452301
grating_135,135,motion_l15_a0,linear_motion,,15,0,45,0,laplacian_variance,10,37.329488,0.000000,37.329488,37.329488,37.329488,0.216424,0.000000,0.216424,0.216424,0.216424
grating_135,135,motion_l15_a0,linear_motion,,15,0,45,0,tenengrad_energy,10,12822.891357,0.000000,12822.891357,12822.891357,12822.891357,0.230946,0.000000,0.230946,0.230946,0.230946
grating_135,135,motion_l15_a0,linear_motion,,15,0,45,5,laplacian_variance,10,539.304332,2.513999,536.793581,539.851621,541.685432,0.799470,0.001420,0.797652,0.799480,0.801314
grating_135,135,motion_l15_a0,linear_motion,,15,0,45,5,tenengrad_energy,10,13422.304520,11.082049,13410.252765,13418.994629,13434.626849,0.239173,0.000090,0.239062,0.239175,0.239267
grating_135,135,motion_l15_a0,linear_motion,,15,0,45,15,laplacian_variance,10,4551.244892,25.322483,4516.443286,4555.775536,4574.054057,1.012879,0.001079,1.011404,1.013001,1.014062
grating_135,135,motion_l15_a0,linear_motion,,15,0,45,15,tenengrad_energy,10,18209.753461,59.320816,18152.861719,18208.211151,18267.790384,0.301800,0.000695,0.301102,0.301698,0.302445
grating_135,135,motion_l15_a45,linear_motion,,15,45,90,0,laplacian_variance,10,143.621762,0.000000,143.621762,143.621762,143.621762,0.832670,0.000000,0.832670,0.832670,0.832670
grating_135,135,motion_l15_a45,linear_motion,,15,45,90,0,tenengrad_energy,10,52684.866211,0.000000,52684.866211,52684.866211,52684.866211,0.948879,0.000000,0.948879,0.948879,0.948879
grating_135,135,motion_l15_a45,linear_motion,,15,45,90,5,laplacian_variance,10,645.720631,2.422256,642.880873,645.944203,648.493910,0.957225,0.000686,0.956072,0.957407,0.957828
grating_135,135,motion_l15_a45,linear_motion,,15,45,90,5,tenengrad_energy,10,53283.110269,25.623458,53259.749561,53270.233520,53315.598548,0.949454,0.000053,0.949401,0.949452,0.949527
grating_135,135,motion_l15_a45,linear_motion,,15,45,90,15,laplacian_variance,10,4499.485630,24.836122,4463.806003,4506.448780,4518.659423,1.001360,0.000427,1.000912,1.001317,1.001816
grating_135,135,motion_l15_a45,linear_motion,,15,45,90,15,tenengrad_energy,10,57613.385883,76.062640,57522.207786,57609.405136,57706.931943,0.954860,0.000177,0.954645,0.954927,0.955057
grating_135,135,motion_l15_a90,linear_motion,,15,90,45,0,laplacian_variance,10,37.329488,0.000000,37.329488,37.329488,37.329488,0.216424,0.000000,0.216424,0.216424,0.216424
grating_135,135,motion_l15_a90,linear_motion,,15,90,45,0,tenengrad_energy,10,12822.891357,0.000000,12822.891357,12822.891357,12822.891357,0.230946,0.000000,0.230946,0.230946,0.230946
grating_135,135,motion_l15_a90,linear_motion,,15,90,45,5,laplacian_variance,10,539.295335,2.374842,536.460065,539.935956,541.803367,0.799458,0.001289,0.797899,0.799526,0.801125
grating_135,135,motion_l15_a90,linear_motion,,15,90,45,5,tenengrad_energy,10,13420.430160,11.299037,13408.472879,13416.965515,13437.096966,0.239139,0.000098,0.239042,0.239141,0.239247
grating_135,135,motion_l15_a90,linear_motion,,15,90,45,15,laplacian_variance,10,4551.382887,25.768945,4515.204580,4556.893376,4575.040911,1.012909,0.001079,1.011919,1.012872,1.014004
grating_135,135,motion_l15_a90,linear_motion,,15,90,45,15,tenengrad_energy,10,18216.836603,60.757307,18156.835126,18216.971527,18282.953311,0.301918,0.000698,0.301206,0.301905,0.302594
grating_135,135,motion_l15_a135,linear_motion,,15,135,0,0,laplacian_variance,10,16.846478,0.000000,16.846478,16.846478,16.846478,0.097670,0.000000,0.097670,0.097670,0.097670
grating_135,135,motion_l15_a135,linear_motion,,15,135,0,0,tenengrad_energy,10,1674.707458,0.000000,1674.707458,1674.707458,1674.707458,0.030162,0.000000,0.030162,0.030162,0.030162
grating_135,135,motion_l15_a135,linear_motion,,15,135,0,5,laplacian_variance,10,519.034464,2.782641,515.416678,519.917139,521.281291,0.769421,0.001896,0.767304,0.769520,0.771065
grating_135,135,motion_l15_a135,linear_motion,,15,135,0,5,tenengrad_energy,10,2273.203915,1.527919,2271.086578,2273.770645,2274.516016,0.040507,0.000033,0.040469,0.040508,0.040549
grating_135,135,motion_l15_a135,linear_motion,,15,135,0,15,laplacian_variance,10,4531.466644,26.243403,4495.081110,4536.631686,4554.976687,1.008476,0.001157,1.007016,1.008513,1.009962
grating_135,135,motion_l15_a135,linear_motion,,15,135,0,15,tenengrad_energy,10,7066.312610,55.402733,7013.743924,7060.955810,7139.588284,0.117114,0.000845,0.116229,0.117025,0.118370
checkerboard,,identity,identity,0,,,,0,laplacian_variance,10,17026.199341,0.000000,17026.199341,17026.199341,17026.199341,1.000000,0.000000,1.000000,1.000000,1.000000
checkerboard,,identity,identity,0,,,,0,tenengrad_energy,10,222412.170410,0.000000,222412.170410,222412.170410,222412.170410,1.000000,0.000000,1.000000,1.000000,1.000000
checkerboard,,identity,identity,0,,,,5,laplacian_variance,10,16667.353204,8.227331,16656.604837,16670.685240,16674.606665,1.000000,0.000000,1.000000,1.000000,1.000000
checkerboard,,identity,identity,0,,,,5,tenengrad_energy,10,215703.505225,71.586369,215624.114353,215699.055038,215792.758740,1.000000,0.000000,1.000000,1.000000,1.000000
checkerboard,,identity,identity,0,,,,15,laplacian_variance,10,17021.443611,30.071234,16995.265245,17025.107989,17056.490975,1.000000,0.000000,1.000000,1.000000,1.000000
checkerboard,,identity,identity,0,,,,15,tenengrad_energy,10,203875.318286,156.385442,203681.021793,203856.447785,204064.379410,1.000000,0.000000,1.000000,1.000000,1.000000
checkerboard,,defocus_r1,disk_defocus,1,,,,0,laplacian_variance,10,3119.485474,0.000000,3119.485474,3119.485474,3119.485474,0.183217,0.000000,0.183217,0.183217,0.183217
checkerboard,,defocus_r1,disk_defocus,1,,,,0,tenengrad_energy,10,144953.679199,0.000000,144953.679199,144953.679199,144953.679199,0.651734,0.000000,0.651734,0.651734,0.651734
checkerboard,,defocus_r1,disk_defocus,1,,,,5,laplacian_variance,10,3410.448838,5.838760,3404.900317,3407.677096,3418.244140,0.204619,0.000319,0.204334,0.204493,0.205043
checkerboard,,defocus_r1,disk_defocus,1,,,,5,tenengrad_energy,10,142002.356165,59.438598,141938.526453,142006.842499,142070.260346,0.658322,0.000127,0.658202,0.658326,0.658467
checkerboard,,defocus_r1,disk_defocus,1,,,,15,laplacian_variance,10,5436.794685,12.034113,5421.079657,5440.105236,5450.972900,0.319410,0.000989,0.318396,0.319458,0.320821
checkerboard,,defocus_r1,disk_defocus,1,,,,15,tenengrad_energy,10,137983.721374,134.631405,137887.162158,137918.386993,138180.216056,0.676805,0.000510,0.676057,0.676853,0.677333
checkerboard,,defocus_r2,disk_defocus,2,,,,0,laplacian_variance,10,837.075806,0.000000,837.075806,837.075806,837.075806,0.049164,0.000000,0.049164,0.049164,0.049164
checkerboard,,defocus_r2,disk_defocus,2,,,,0,tenengrad_energy,10,96533.906250,0.000000,96533.906250,96533.906250,96533.906250,0.434032,0.000000,0.434032,0.434032,0.434032
checkerboard,,defocus_r2,disk_defocus,2,,,,5,laplacian_variance,10,1160.763082,2.273055,1158.078911,1160.303211,1162.652141,0.069643,0.000153,0.069452,0.069628,0.069809
checkerboard,,defocus_r2,disk_defocus,2,,,,5,tenengrad_energy,10,95792.527515,40.900692,95743.937100,95796.951385,95833.802491,0.444093,0.000089,0.444024,0.444089,0.444173
checkerboard,,defocus_r2,disk_defocus,2,,,,15,laplacian_variance,10,3504.577810,21.010205,3485.138987,3507.726057,3528.378898,0.205892,0.001287,0.204295,0.206006,0.207443
checkerboard,,defocus_r2,disk_defocus,2,,,,15,tenengrad_energy,10,95972.070672,137.813187,95817.754468,95990.712448,96123.945596,0.470739,0.000549,0.470043,0.470867,0.471215
checkerboard,,defocus_r3,disk_defocus,3,,,,0,laplacian_variance,10,352.459717,0.000000,352.459717,352.459717,352.459717,0.020701,0.000000,0.020701,0.020701,0.020701
checkerboard,,defocus_r3,disk_defocus,3,,,,0,tenengrad_energy,10,62448.691406,0.000000,62448.691406,62448.691406,62448.691406,0.280779,0.000000,0.280779,0.280779,0.280779
checkerboard,,defocus_r3,disk_defocus,3,,,,5,laplacian_variance,10,727.437664,2.356023,725.111397,727.180492,729.298701,0.043644,0.000152,0.043489,0.043626,0.043742
checkerboard,,defocus_r3,disk_defocus,3,,,,5,tenengrad_energy,10,62253.398090,35.059033,62227.305731,62262.088272,62283.558267,0.288606,0.000139,0.288511,0.288601,0.288713
checkerboard,,defocus_r3,disk_defocus,3,,,,15,laplacian_variance,10,3309.011825,20.528439,3286.021962,3306.835722,3328.512015,0.194404,0.001332,0.192998,0.194314,0.195701
checkerboard,,defocus_r3,disk_defocus,3,,,,15,tenengrad_energy,10,63190.587744,70.270749,63105.169391,63201.932785,63254.522882,0.309947,0.000470,0.309391,0.310036,0.310320
checkerboard,,defocus_r5,disk_defocus,5,,,,0,laplacian_variance,10,95.392456,0.000000,95.392456,95.392456,95.392456,0.005603,0.000000,0.005603,0.005603,0.005603
checkerboard,,defocus_r5,disk_defocus,5,,,,0,tenengrad_energy,10,32521.713867,0.000000,32521.713867,32521.713867,32521.713867,0.146223,0.000000,0.146223,0.146223,0.146223
checkerboard,,defocus_r5,disk_defocus,5,,,,5,laplacian_variance,10,522.825801,2.739895,518.958842,523.246990,525.254353,0.031368,0.000174,0.031119,0.031399,0.031504
checkerboard,,defocus_r5,disk_defocus,5,,,,5,tenengrad_energy,10,32709.324158,14.388794,32697.243411,32703.006180,32731.944565,0.151640,0.000077,0.151540,0.151664,0.151705
checkerboard,,defocus_r5,disk_defocus,5,,,,15,laplacian_variance,10,3744.345308,24.246615,3725.152565,3737.421935,3768.708151,0.219979,0.001561,0.218540,0.219624,0.222090
checkerboard,,defocus_r5,disk_defocus,5,,,,15,tenengrad_energy,10,35488.444092,60.338698,35422.523944,35478.079788,35552.710159,0.174070,0.000368,0.173711,0.174003,0.174461
checkerboard,,motion_l5_a0,linear_motion,,5,0,,0,laplacian_variance,10,6999.153442,0.000000,6999.153442,6999.153442,6999.153442,0.411081,0.000000,0.411081,0.411081,0.411081
checkerboard,,motion_l5_a0,linear_motion,,5,0,,0,tenengrad_energy,10,143856.672363,0.000000,143856.672363,143856.672363,143856.672363,0.646802,0.000000,0.646802,0.646802,0.646802
checkerboard,,motion_l5_a0,linear_motion,,5,0,,5,laplacian_variance,10,7058.601137,6.007905,7051.384251,7058.132525,7064.509456,0.423499,0.000313,0.423149,0.423477,0.423918
checkerboard,,motion_l5_a0,linear_motion,,5,0,,5,tenengrad_energy,10,140431.119885,50.678076,140379.522180,140422.223160,140486.333801,0.651038,0.000124,0.650916,0.651015,0.651163
checkerboard,,motion_l5_a0,linear_motion,,5,0,,15,laplacian_variance,10,8657.262415,16.417648,8641.734665,8652.419844,8678.795632,0.508611,0.001529,0.507172,0.508364,0.510802
checkerboard,,motion_l5_a0,linear_motion,,5,0,,15,tenengrad_energy,10,135555.989166,88.930645,135470.678965,135560.300918,135650.765613,0.664897,0.000302,0.664621,0.664999,0.665209
checkerboard,,motion_l5_a45,linear_motion,,5,45,,0,laplacian_variance,10,1493.640747,0.000000,1493.640747,1493.640747,1493.640747,0.087726,0.000000,0.087726,0.087726,0.087726
checkerboard,,motion_l5_a45,linear_motion,,5,45,,0,tenengrad_energy,10,111198.801270,0.000000,111198.801270,111198.801270,111198.801270,0.499967,0.000000,0.499967,0.499967,0.499967
checkerboard,,motion_l5_a45,linear_motion,,5,45,,5,laplacian_variance,10,1833.126417,4.350842,1827.387785,1834.277646,1836.351424,0.109983,0.000285,0.109600,0.110043,0.110260
checkerboard,,motion_l5_a45,linear_motion,,5,45,,5,tenengrad_energy,10,110421.140491,40.308896,110372.582749,110412.773377,110481.770507,0.511912,0.000078,0.511821,0.511898,0.512014
checkerboard,,motion_l5_a45,linear_motion,,5,45,,15,laplacian_variance,10,3884.268024,21.314644,3866.572409,3878.331999,3905.283195,0.228200,0.001407,0.226968,0.228109,0.230139
checkerboard,,motion_l5_a45,linear_motion,,5,45,,15,tenengrad_energy,10,108324.048358,110.636246,108206.575415,108298.288010,108430.012686,0.531325,0.000458,0.530956,0.531435,0.531766
checkerboard,,motion_l5_a90,linear_motion,,5,90,,0,laplacian_variance,10,6999.153442,0.000000,6999.153442,6999.153442,6999.153442,0.411081,0.000000,0.411081,0.411081,0.411081
checkerboard,,motion_l5_a90,linear_motion,,5,90,,0,tenengrad_energy,10,143856.672363,0.000000,143856.672363,143856.672363,143856.672363,0.646802,0.000000,0.646802,0.646802,0.646802
checkerboard,,motion_l5_a90,linear_motion,,5,90,,5,laplacian_variance,10,7062.153437,6.818135,7055.903732,7060.785936,7068.550531,0.423712,0.000390,0.423341,0.423704,0.424054
checkerboard,,motion_l5_a90,linear_motion,,5,90,,5,tenengrad_energy,10,140445.089386,50.125175,140385.465732,140460.589843,140496.374744,0.651103,0.000088,0.650997,0.651100,0.651221
checkerboard,,motion_l5_a90,linear_motion,,5,90,,15,laplacian_variance,10,8664.250594,17.758509,8642.240226,8662.804729,8685.942026,0.509020,0.001103,0.507505,0.509345,0.510239
checkerboard,,motion_l5_a90,linear_motion,,5,90,,15,tenengrad_energy,10,135569.159021,135.994232,135441.776700,135565.914886,135728.894406,0.664961,0.000531,0.664377,0.664928,0.665429
checkerboard,,motion_l5_a135,linear_motion,,5,135,,0,laplacian_variance,10,1493.640747,0.000000,1493.640747,1493.640747,1493.640747,0.087726,0.000000,0.087726,0.087726,0.087726
checkerboard,,motion_l5_a135,linear_motion,,5,135,,0,tenengrad_energy,10,111198.801270,0.000000,111198.801270,111198.801270,111198.801270,0.499967,0.000000,0.499967,0.499967,0.499967
checkerboard,,motion_l5_a135,linear_motion,,5,135,,5,laplacian_variance,10,1832.477653,6.046245,1825.190800,1833.238990,1837.899498,0.109944,0.000364,0.109468,0.110070,0.110226
checkerboard,,motion_l5_a135,linear_motion,,5,135,,5,tenengrad_energy,10,110427.895746,58.736457,110353.027789,110446.578934,110493.074496,0.511943,0.000181,0.511778,0.511936,0.512110
checkerboard,,motion_l5_a135,linear_motion,,5,135,,15,laplacian_variance,10,3881.599216,19.923745,3862.171599,3885.224146,3901.030024,0.228042,0.001253,0.226752,0.228316,0.229353
checkerboard,,motion_l5_a135,linear_motion,,5,135,,15,tenengrad_energy,10,108310.196973,148.331633,108167.314346,108286.132492,108524.796793,0.531257,0.000553,0.530549,0.531292,0.531942
checkerboard,,motion_l9_a0,linear_motion,,9,0,,0,laplacian_variance,10,5484.754028,0.000000,5484.754028,5484.754028,5484.754028,0.322136,0.000000,0.322136,0.322136,0.322136
checkerboard,,motion_l9_a0,linear_motion,,9,0,,0,tenengrad_energy,10,106977.326660,0.000000,106977.326660,106977.326660,106977.326660,0.480987,0.000000,0.480987,0.480987,0.480987
checkerboard,,motion_l9_a0,linear_motion,,9,0,,5,laplacian_variance,10,5682.017744,4.842345,5678.251408,5682.486356,5685.582618,0.340907,0.000268,0.340581,0.340882,0.341210
checkerboard,,motion_l9_a0,linear_motion,,9,0,,5,tenengrad_energy,10,104953.000678,35.112266,104906.631756,104950.132599,104998.291818,0.486561,0.000166,0.486380,0.486555,0.486745
checkerboard,,motion_l9_a0,linear_motion,,9,0,,15,laplacian_variance,10,7884.970701,22.007930,7862.096916,7886.553201,7909.331219,0.463238,0.001419,0.461940,0.462809,0.465102
checkerboard,,motion_l9_a0,linear_motion,,9,0,,15,tenengrad_energy,10,102877.088483,78.489433,102783.712662,102905.239257,102952.077771,0.504608,0.000388,0.504267,0.504522,0.505074
checkerboard,,motion_l9_a45,linear_motion,,9,45,,0,laplacian_variance,10,488.691101,0.000000,488.691101,488.691101,488.691101,0.028702,0.000000,0.028702,0.028702,0.028702
checkerboard,,motion_l9_a45,linear_motion,,9,45,,0,tenengrad_energy,10,64841.640015,0.000000,64841.640015,64841.640015,64841.640015,0.291538,0.000000,0.291538,0.291538,0.291538
checkerboard,,motion_l9_a45,linear_motion,,9,45,,5,laplacian_variance,10,859.784809,2.347291,856.056637,860.433082,861.878915,0.051585,0.000152,0.051350,0.051629,0.051710
checkerboard,,motion_l9_a45,linear_motion,,9,45,,5,tenengrad_energy,10,64558.423743,37.468239,64509.631366,64572.312866,64596.856326,0.299293,0.000176,0.299127,0.299277,0.299561
checkerboard,,motion_l9_a45,linear_motion,,9,45,,15,laplacian_variance,10,3549.954180,23.892673,3533.884953,3543.953967,3566.823367,0.208558,0.001491,0.207152,0.208414,0.209703
checkerboard,,motion_l9_a45,linear_motion,,9,45,,15,tenengrad_energy,10,65955.722028,102.039768,65821.425653,65956.334732,66060.608149,0.323510,0.000635,0.322580,0.323487,0.324318
checkerboard,,motion_l9_a90,linear_motion,,9,90,,0,laplacian_variance,10,5484.754028,0.000000,5484.754028,5484.754028,5484.754028,0.322136,0.000000,0.322136,0.322136,0.322136
checkerboard,,motion_l9_a90,linear_motion,,9,90,,0,tenengrad_energy,10,106977.326660,0.000000,106977.326660,106977.326660,106977.326660,0.480987,0.000000,0.480987,0.480987,0.480987
checkerboard,,motion_l9_a90,linear_motion,,9,90,,5,laplacian_variance,10,5686.275972,8.093738,5677.711258,5686.205406,5693.397121,0.341162,0.000485,0.340730,0.341098,0.341637
checkerboard,,motion_l9_a90,linear_motion,,9,90,,5,tenengrad_energy,10,104950.565686,68.419699,104861.576190,104963.512527,105015.600748,0.486550,0.000229,0.486284,0.486536,0.486834
checkerboard,,motion_l9_a90,linear_motion,,9,90,,15,laplacian_variance,10,7885.415865,22.596914,7865.429610,7878.175215,7921.052061,0.463264,0.001215,0.461898,0.463117,0.464915
checkerboard,,motion_l9_a90,linear_motion,,9,90,,15,tenengrad_energy,10,102855.581488,107.851531,102743.547940,102818.596329,102997.880026,0.504502,0.000491,0.503687,0.504687,0.504936
checkerboard,,motion_l9_a135,linear_motion,,9,135,,0,laplacian_variance,10,488.691101,0.000000,488.691101,488.691101,488.691101,0.028702,0.000000,0.028702,0.028702,0.028702
checkerboard,,motion_l9_a135,linear_motion,,9,135,,0,tenengrad_energy,10,64841.640015,0.000000,64841.640015,64841.640015,64841.640015,0.291538,0.000000,0.291538,0.291538,0.291538
checkerboard,,motion_l9_a135,linear_motion,,9,135,,5,laplacian_variance,10,860.193251,4.073235,854.999258,860.206182,864.557669,0.051610,0.000259,0.051269,0.051626,0.051855
checkerboard,,motion_l9_a135,linear_motion,,9,135,,5,tenengrad_energy,10,64578.596118,44.875757,64542.100315,64590.388382,64619.990753,0.299386,0.000189,0.299117,0.299410,0.299550
checkerboard,,motion_l9_a135,linear_motion,,9,135,,15,laplacian_variance,10,3544.607238,22.192037,3523.186469,3545.897585,3564.759179,0.208244,0.001406,0.206610,0.208361,0.209582
checkerboard,,motion_l9_a135,linear_motion,,9,135,,15,tenengrad_energy,10,65936.170752,87.832975,65848.494754,65920.441452,66054.664758,0.323414,0.000515,0.322823,0.323424,0.324114
checkerboard,,motion_l15_a0,linear_motion,,15,0,,0,laplacian_variance,10,3575.659790,0.000000,3575.659790,3575.659790,3575.659790,0.210009,0.000000,0.210009,0.210009,0.210009
checkerboard,,motion_l15_a0,linear_motion,,15,0,,0,tenengrad_energy,10,68948.635254,0.000000,68948.635254,68948.635254,68948.635254,0.310004,0.000000,0.310004,0.310004,0.310004
checkerboard,,motion_l15_a0,linear_motion,,15,0,,5,laplacian_variance,10,3972.615733,5.217624,3967.130492,3973.707127,3976.470088,0.238347,0.000287,0.238066,0.238299,0.238564
checkerboard,,motion_l15_a0,linear_motion,,15,0,,5,tenengrad_energy,10,68550.903998,43.151887,68513.258923,68554.202240,68607.138370,0.317802,0.000190,0.317564,0.317804,0.317986
checkerboard,,motion_l15_a0,linear_motion,,15,0,,15,laplacian_variance,10,7118.703692,18.582839,7096.315952,7119.678980,7143.453578,0.418221,0.001166,0.417358,0.417731,0.419634
checkerboard,,motion_l15_a0,linear_motion,,15,0,,15,tenengrad_energy,10,69993.406860,70.388562,69892.664847,69998.646835,70077.063635,0.343315,0.000277,0.343045,0.343249,0.343639
checkerboard,,motion_l15_a45,linear_motion,,15,45,,0,laplacian_variance,10,231.974487,0.000000,231.974487,231.974487,231.974487,0.013625,0.000000,0.013625,0.013625,0.013625
checkerboard,,motion_l15_a45,linear_motion,,15,45,,0,tenengrad_energy,10,39352.111816,0.000000,39352.111816,39352.111816,39352.111816,0.176933,0.000000,0.176933,0.176933,0.176933
checkerboard,,motion_l15_a45,linear_motion,,15,45,,5,laplacian_variance,10,676.235379,1.845547,675.137710,676.352488,677.696422,0.040572,0.000115,0.040484,0.040586,0.040670
checkerboard,,motion_l15_a45,linear_motion,,15,45,,5,tenengrad_energy,10,39587.310083,23.087134,39558.726715,39597.306229,39608.449691,0.183527,0.000110,0.183380,0.183513,0.183658
checkerboard,,motion_l15_a45,linear_motion,,15,45,,15,laplacian_variance,10,3950.910711,26.435140,3924.400766,3950.063101,3975.890276,0.232115,0.001684,0.230138,0.232100,0.234182
checkerboard,,motion_l15_a45,linear_motion,,15,45,,15,tenengrad_energy,10,42442.994684,83.422104,42320.889264,42470.440125,42519.649978,0.208181,0.000474,0.207689,0.208187,0.208672
checkerboard,,motion_l15_a90,linear_motion,,15,90,,0,laplacian_variance,10,3575.659790,0.000000,3575.659790,3575.659790,3575.659790,0.210009,0.000000,0.210009,0.210009,0.210009
checkerboard,,motion_l15_a90,linear_motion,,15,90,,0,tenengrad_energy,10,68948.635254,0.000000,68948.635254,68948.635254,68948.635254,0.310004,0.000000,0.310004,0.310004,0.310004
checkerboard,,motion_l15_a90,linear_motion,,15,90,,5,laplacian_variance,10,3971.084151,7.974368,3963.383823,3969.630187,3977.222320,0.238255,0.000465,0.237806,0.238262,0.238595
checkerboard,,motion_l15_a90,linear_motion,,15,90,,5,tenengrad_energy,10,68531.120886,58.690473,68471.330954,68537.466797,68597.921564,0.317710,0.000227,0.317540,0.317667,0.317939
checkerboard,,motion_l15_a90,linear_motion,,15,90,,15,laplacian_variance,10,7116.041137,22.119088,7093.866080,7116.667906,7144.624436,0.418065,0.001429,0.415849,0.418087,0.419433
checkerboard,,motion_l15_a90,linear_motion,,15,90,,15,tenengrad_energy,10,69949.533154,83.289947,69863.584436,69947.141403,70048.513711,0.343100,0.000347,0.342738,0.343097,0.343425
checkerboard,,motion_l15_a135,linear_motion,,15,135,,0,laplacian_variance,10,231.974487,0.000000,231.974487,231.974487,231.974487,0.013625,0.000000,0.013625,0.013625,0.013625
checkerboard,,motion_l15_a135,linear_motion,,15,135,,0,tenengrad_energy,10,39352.111816,0.000000,39352.111816,39352.111816,39352.111816,0.176933,0.000000,0.176933,0.176933,0.176933
checkerboard,,motion_l15_a135,linear_motion,,15,135,,5,laplacian_variance,10,676.407455,4.300347,670.351363,677.079108,681.531117,0.040583,0.000266,0.040197,0.040642,0.040877
checkerboard,,motion_l15_a135,linear_motion,,15,135,,5,tenengrad_energy,10,39596.620904,26.907171,39557.168942,39598.283432,39620.314514,0.183570,0.000124,0.183430,0.183605,0.183664
checkerboard,,motion_l15_a135,linear_motion,,15,135,,15,laplacian_variance,10,3949.053289,26.363476,3922.639462,3951.686911,3975.108391,0.232006,0.001676,0.230035,0.231982,0.234154
checkerboard,,motion_l15_a135,linear_motion,,15,135,,15,tenengrad_energy,10,42477.561456,50.817809,42437.789108,42483.279632,42536.696975,0.208351,0.000292,0.207985,0.208398,0.208639
